,particle,status,rank
0,QmRcXFdS8JXNg9P8nYKLSmiFksCghtbZKZHyyzoDFeNTde,200,6.0192592384930296e-05
1,QmPwqzcYp9E5pC92Yr5V32QaHM1GvYc1nYXXRt7ruadfaj,200,1.2971463950327582e-05
2,QmUJGctjs5Taw7TZqGSAp1b9ZcY2Nn9kh8mapnJdAxeq8M,504,1.259111069854032e-05
3,QmRj3uo8EZ5wASov9JY8aaczSBc8ELUV4VFNpPz8CRS3dv,504,1.2524887761496513e-05
4,QmWmhJWwfnwW4H4njSBeDSYSc7ntrxsJp3ZmorkCpQd783,200,1.2364406937454571e-05
5,QmP1eXa6vHDrqaXU5ZBa87VVWu7YtFf9bLWvCYP7WMQ4pq,200,1.0344391378835598e-05
6,QmbSxUfAuCCYiRqXG6Q6HiPEzrGeaaVZgLLiepAVL6MTLi,200,1.0317719848307544e-05
7,QmeYopqqehSeq6nYLryo1guNCVhGkvKYgGgkuBmGT9BtoH,200,1.0147023203316746e-05
8,QmXMWatMQqwdcjimYCTiw7qgufGdBnsvktcnSoC2KjhVxG,200,1.0088225288100918e-05
9,QmWY8GkQPUzx9dkBH1YqohpHwdby1wc6Ne3EdhpCwP5A7d,200,9.968074410370266e-06
10,QmXZWesPUsSvVJLbKqgWAe6a21m4oLbc6YaJtPdjFYgEsf,200,9.92866259140926e-06
11,QmX6RBsiE4iDMrMxmEPsWZ8bdeMn9X2qD3npSJnWqD78yF,200,9.75915965095285e-06
12,QmWjqiLk91aYv4Q7QLdi7X3MhVW1xk5nha3FjG5K24ZKPe,200,9.677308663316671e-06
13,QmXKoKZn2JrTViLVzjnqifSxJCSNpzSGDXBrimWPGVP7PX,200,9.629495344783175e-06
14,Qme2HAPo5NQkCZsLQoaWMkq627yVNUgxjEgQtj1VXTKjkp,200,9.430191730359475e-06
15,QmPw4e5rHR8e34xmLpEGuhw6ZDywTZf2RASisMdwQgxM1e,200,9.38564400397772e-06
16,QmNdtZzgAU6i9Hzws5Q5jAHt67NZGxBD2M6aGHL1CXkLSu,200,8.726455332354424e-06
17,QmdZugCHB9SEkRhNxnEUG8h3uDhJuLE2w8jdJwWCeusWeU,200,7.877913993526237e-06
18,QmRYcsDyoULb5ZFDVCBPmZQN5HL7rYvwbhYrUGbTBoJeHc,200,7.50530184813468e-06
19,QmSQ8XoaYmD7u8sYzmzMPFxqUTLB1Y1E52JnuBJ93W2RwE,200,6.954580487922557e-06
20,QmQ5NWPmDryeVZ23Y5wvAbQbBpGrfhtEtKugMVUYt7xBQ4,200,6.880417105675689e-06
21,QmZx8g5VEa9qS6vHut9WCm8R8t1keWBYUGLZHn7BciUeGf,200,6.49211542336131e-06
22,Qmc7oPAX2RiCQH9a9M3nK54eKhSqGUKWPAjXyeHfWnvaNR,200,6.42166431406013e-06
23,QmcDdJE5FsEESMdmWJc8jeoSdN3pXtNrttjjq2NZwfHQvV,200,5.704322188358655e-06
24,Qme6fUt6NcXMNZThsY4eHjJkRMfqwCN6t6PGoiTGp9pW7C,200,5.41804855447154e-06
25,QmcWjKqQ1buBX1Jn79wiHDARvBTwuNGxvEnMiWLVkhe3gm,200,5.35413844721252e-06
26,QmQKmZMsGjNsvZ3B8eYxsAEHcgYZScnEjyXWG4X4yBUqj1,504,4.710643228172588e-06
27,QmdTrXkTjZEWtnWCTkTmPv9GTWTWDv39UVDEorkU1SXEib,200,4.631215799054949e-06
28,QmVaj1ygTPqTzRexLXK15huwKeZoZucLsEcwdAP79LYy16,504,4.595549416890123e-06
29,QmNYQMoMs93WsWTmkfWNdfdyvTcErbbnokYFLQirTddWQ5,200,4.587683350501668e-06
30,QmQkTFfK93ggGZAiMCT9ezoedsxoFP4wFNbyG9twTMQzBu,200,4.572737383417984e-06
31,QmTL8q8XdwaQ8UgfiF1V8ioh77rAjjn39ggBi65jbxgDJS,200,4.562807255894858e-06
32,QmQvKbYyBcfXYgp1UtMiA1fd8zPxnnr7V8P19rvD19kT2n,200,4.4931649100943624e-06
33,QmS99tiMERFQmUKVAkWBmqYvT55dCEtbhwfa8xR3vUGrJv,200,4.318353229500403e-06
34,QmVDWt9VqEtj6wYUETnownzxpMubkHQuodZi1FvWckqKZN,200,4.14255095422892e-06
35,QmcECgoz6MweMAFGH3278aeeK3ztaaq5xr5bHzPhrQ8gr5,504,4.033862538209666e-06
36,Qmed4aUcrPCnNFyQxUzcfQmkgN8qSq7TR9UTcokuVVeQFD,200,4.011458539313117e-06
37,QmYTgsnmA5bJ13pyEPGmXTCzF3h9Xgaktzho9k9vuCgoFr,200,3.940568616928593e-06
38,Qmbypx7vuFawgnRVE7FEeBd6G5e4ZxMEC5wXsuCFLpcRYE,200,3.896078509511544e-06
39,QmVrnDSvGecMvwsSKv18uXGwsSetHcwvsHXzyeUXtVKW4F,200,3.8954148240821855e-06
40,QmYXUJp4MxfTYW6apmeoHpEH1Kp8eqUZpLLZM4Fm8LB1bq,200,3.846234913213977e-06
41,QmfQLtkZNufk4DmaAaceDwhq5QEaREA5Y8aWmFSHkGkJV1,200,3.840241322762682e-06
42,QmTr7Jj9vZEJjQABrCF2iGg1nXJaszrQumKJ5k8sTQWmbx,504,3.821462662889353e-06
43,QmWrYAdK8eTF5j64H8o6YDeeGWeE7YkpXozZfECz9CqAbs,200,3.799711637335693e-06
44,QmQDGceWKNJTf741tv51dZgKtURQHdLxM6XAmEZnufHLQ1,200,3.7856861011201553e-06
45,QmaSc69Q1t18W5LFRjqH2T9dgr3hqy17b5zCwtYxpWiS4s,200,3.7420125852060667e-06
46,QmWSkS3BcVkRamM1dtSyTWLwjWJfPpii3EPK5xCA5tPwBt,200,3.7336935722415233e-06
47,QmfY5Gz6qAXHcxuS62qKNSbKpHPgzXZLP1oVfp6R7JCZNi,200,3.7306300484048805e-06
48,QmZd1VdB2kbpbiJryPXD9empEuYZ8w9BZrq1pJ1fnCNmds,200,3.7198086783956617e-06
49,QmXB4J5wrYeYHK8UtbG2JbZpkTuBDrb5Qj1vfi5vquWDiP,200,3.706264708026638e-06
50,QmVX3JoQCaKUEevxFsdDpoBid2GLo18vDsNqd57xieKvjD,504,3.695959520191889e-06
51,QmRxnddmtLHVVcMeKzr8sZDdjNF3Lm9Jqo6JX4NqLofeyh,200,3.690236492513893e-06
52,Qmf3cXnCPWgHSBUuTnen8HSmoqP6z4vra1Jk8BjHYLQr1b,200,3.656359978677714e-06
53,QmeakofNsUm6HMTeWQvha7UX1BXWGpGUVwkm85zVWCct7W,200,3.646560594850674e-06
54,QmX3ZjjA98twjihjQnahDe2JTeeNQoTKJGurXvi6HoJX1E,504,3.615237021406085e-06
55,QmPzkbLUwUPWYbfNqWMMVfngRjc1d37iSDQsvE5WzvvTLQ,200,3.58830729519099e-06
56,QmdQwcXrmxfQthhuxnUPk1Xur2PNEC5btEbtKF38FtPkyP,504,3.5869254653885245e-06
57,QmYweHnaDk2nKCYEW7e5mPcyNaUM2u8jGmuAkdotP4tvkp,200,3.5839673596902228e-06
58,QmbZ7xskDW86nr8qEh6ETAUcFh63h26C6Cf4FwiPdhypDP,200,3.576923289167452e-06
59,QmbsHbA7bv7BZqc8c5NqqXpb7hoSgKRJ6ZCDRxBN9JPFqw,504,3.568250782731305e-06
60,QmPZiAudynR21pj4XjnaX9qEFnQXZWX2LwfL6UEwdbejc6,200,3.547010514273204e-06
61,QmeK1b5MaihgDyw1LnpozmtrB46aR5VmAEtLXU75bofkHx,200,3.541599357936353e-06
62,Qme4Us9w1XKDbKCsA8BDMnSGNvMWUsjEDk9wbaE9fC8b4v,200,3.5206134397136676e-06
63,QmeUhtQ8unH6fT1h474tPkgbsz6DEgYTSCFzYja16wtjT4,504,3.512734459284582e-06
64,QmQG6cVfeSCvA3geMhv9jJ55wZszegTYzEfdrpi6iSvPKN,200,3.512233407199649e-06
65,QmeXqnfzYH3mdXgEtdYmaYESfXhcXwuhwHWzxQEPGg9CRZ,200,3.510423616191677e-06
66,QmfJZTo9fGkAaJiCJ6J6ieGbQyWqSJzxXqXuTz7544ADHy,504,3.509486942477694e-06
67,QmQBs3GUUDnpyku2UrGZgWcEhQ2sFJmmVPmwxo24Eh9oGM,200,3.509269652671395e-06
68,QmSczSDBXP2NzHMYZUijkym4quLct3Xa7Nc8RpQ12CLYTt,504,3.507304159228053e-06
69,QmUJ79wYY8xUq34i9xPtRK5wxzBbtVcAEZt11WXsRUzKHu,504,3.5062166424114496e-06
70,QmRV62fHX5xdFCWgop88k4FNwmTRwYTk5EXmiqgdW1vNLL,200,3.48918836817801e-06
71,QmPgPEJAVov325PGpUMvaPWScu2gyjoFxCerhxyArjS4An,200,3.484387791386141e-06
72,QmP566Q799VCRQVSvK1GJT32T7TCcxYknTQZf9sS9HBqDd,200,3.4763605318991834e-06
73,QmbF8VCXSBLftZUzLFtLrSBPEmXEVw8zU5cNkheW4Ut29g,200,3.473529115772515e-06
74,QmbxbxZweP51LNJax2TenpoivmAB8KPd5LLMHSGa58eXs7,200,3.4695478250657566e-06
75,QmSwLLJF2oaQZ3xhgnybECg5Y2Z1ih73g8XMLeLoPJWiKb,200,3.467833417254455e-06
76,QmeekHAJ4ieQwLbSm3JGq6ALH8NgGHipdHPTt84ZJtbK8n,200,3.4615392178375357e-06
77,Qmchz8o8oBU1CsAsMCffJNeBXb3Ah7NaTAv8z2M1xQxqQZ,200,3.4519711679266475e-06
78,QmbeHHvHumdni9hqFXEjXoeVa6KyfVyMUA3EcdaHMrDdFG,200,3.442118286584209e-06
79,QmPcbmHaBQiMXtGG1hYvvUBikSu2RogzTrbU2TUpC59o44,200,3.4417956128444156e-06
80,QmZXJNZrpux5X4fteFXVxP63bBm9kZBr3A2juWKzTgao6o,200,3.424852198907016e-06
81,QmeUZkjAtZ7bJ8y26hT7mAJq1h8eDvXatZRKNQLJd52GmR,200,3.421061807939409e-06
82,QmXsDUvXFvGSiezmrGonRAoRYvwj4yEXBhbPu5mhmubosm,200,3.4200608174201217e-06
83,QmXoHnXVXK9Wyo9CB9kc3qjY5vmMytWKs6xR1WcUGNcTNS,200,3.414857937533939e-06
84,QmadRXfRpFwYWk1Dwm3FRweDMzTVNqmkaPdyBSbjjrjkUj,200,3.4115710608462458e-06
85,QmXLeBfmF9qp69MfsrnJFed4FPb4FSfoHNp55dq2gABdFX,200,3.4037711509068962e-06
86,QmZ717Yjuhb7RGXTg94wzicvUyuB4EqqDocAVkue6ykumP,200,3.3969150823566215e-06
87,QmQMDopofXD7ptCaWx6Q4weYUXvHLxZXmgHbCVo83PgYvq,200,3.394975555019947e-06
88,QmX7zWMUaUUycDvajiSZabcnycx2yDK2EY7LAzRnVoqVAq,200,3.3896767192444595e-06
89,QmYg42sNmn1j9carAJH7SNaZXxQu8VaWgNuR8rqehRvDNQ,200,3.3824278672044966e-06
90,QmU1gNraXtz5sTiVfU3BiSMW1YqwqEcG8EbL6AaRoj7Rwx,200,3.380358769585582e-06
91,QmPAZZBywc9awMX26bYVr2wLV28RojyT9YV32a9J9PqF1C,200,3.3767294298719015e-06
92,QmQUXV1duinufqtFahkyezn6tu8hSPMAtRGxAzNnsdHtX3,504,3.373569872268064e-06
93,QmUdCfzfJM4YcryYJXkPFteo6nQPKnL88uUKRmkDbbiCax,200,3.3658972900844733e-06
94,Qmc3UTs3pw8cRiEDoHgi21UXK5gLoQa5qu71wpvGcMsaFR,504,3.3624710783816403e-06
95,QmaStHb812Aqnc8QmjfiTm8funNrZqvJxgvBoaVQeEPBSk,200,3.361326823719425e-06
96,QmY4CPVy8vWiAVqDMdbjwyBtWuybprzA7TaoH5M4U3frK8,200,3.3590455534655894e-06
97,QmSJuj6H6j3CtruHwzs5fKfpGYdR3sRRxsYeudZJut16ib,200,3.359045115957883e-06
98,QmNXUTsCpxQy9yLz2CTVgLe2cLgywVfxRQhu9EBoCspqjd,200,3.3546230518113143e-06
99,QmVeD9gTgoVgnHrZqmDZ1mcUZJVHDtenLfRWACj8SJBn1S,200,3.3513508850721835e-06
100,QmNuXZV1RAWDWkJpkjRrfktEkit613S9kyGzJWVh6LthTq,200,3.3438421651266747e-06
101,QmXHJ1zCUFeAJdcKz3f2XgU8qATxXeQZaniWBHuDdjh2Fe,200,3.3430979907011878e-06
102,QmUyYy6946dzcQ1hUEBbfkCSgJJUFuDK92AUYpRSfZ4gzw,200,3.33955226041268e-06
103,QmdDstTPyTDHxo3zxeUmnTWQMfNPZbaeAVGytZZpSMVSbd,200,3.3390406147007278e-06
104,QmTNisVbeMJmhB7TimsbDkKLda1TkwTWgFcaJHnjJZFWED,200,3.3372382689185716e-06
105,QmQDPpPWxSxd6dEmpVoudrbe1Gj9XARtymWCaqTrUEFwT6,200,3.3334765400902877e-06
106,QmdLzWoKT5rmLghLJBKBL3uRAwopAdTVwfEuAhGKYFyuvt,504,3.33054456206864e-06
107,QmZ2tq9JkbLQiabUV2NGV9tCTeae54V3cvyUW1BRx8okFq,200,3.327369455555325e-06
108,QmSfevvgXdEV4b6vd7KvXdVGaSSL71SF5MN5x3V4e3ACn7,504,3.3248956756581702e-06
109,QmaNwqi7gGvPiwDGkcrhuHhQTPhcv5PDDXac51729D2JQy,200,3.319652762073228e-06
110,QmYXzPyEsBposAuVmUKuoGDXXq8t7EGLHtfcG5AGHE2rG9,504,3.3172324391469892e-06
111,QmQm3mQdCJYqrE3deHJ1ZDncUAxPqxfVWV4S3uNtdg3NjE,200,3.314621174880073e-06
112,QmdtRUQbQSWMymQxVyrCf61TPHPpCfwCWP5zRgb8g6fCNh,200,3.3122999552654665e-06
113,QmTsLnW9gAhj335NC1BGEC51ZvEHG4R2MuRM9nneEX8Ax8,200,3.3116827075695073e-06
114,QmRoM3jBKYH2s2y4FNs2MgkrkHyHwzsnoLZhMDc6p35n6r,504,3.311633970085976e-06
115,QmaAmWHr9JuaipQyTbgqyzYx27cBJXBP6LoQJ4r2vpKoTo,200,3.3115646650574896e-06
116,QmeWakRbmrsSHaY5zHeuvsyWTPw5Fm25SYtGWcwMhB3qL2,200,3.311351901211183e-06
117,QmaLE2y8ubNQspVCzbW9LcHGh53JjcaernNT6m8zPCwVg4,504,3.3112809226802407e-06
118,QmNX3xgH5ebXyYzc5nY5mMxJRFBkUgEs7UyL4KSwSmHDJg,504,3.3103203048776924e-06
119,QmYSYAZXANuJTq53LzAtM5yk1YBfGWxEobuYRGYp2kp9o1,200,3.2985452129985535e-06
120,QmWuMMAC7Z7zyQTbFf9b12L6zXm3Mi6EFvgubwk8RcU1nY,200,3.293290627824375e-06
121,QmWK8nC7CbT6XAKs89eFjU45QGnHMVMktb3YhwjCgTSY35,504,3.29079759569441e-06
122,QmaqPwaFdevN6VEX4JGSFPUSM3mtastYdyQBwWXaFWbESt,504,3.283394790875659e-06
123,QmY1TKdLrdmHaPYVuAcyRNTo35C1vDTnYUx2PCmfUDfKsu,200,3.2779019506937607e-06
124,QmUPzsq9H1KH146DMqoYbU6ogKBkiQAgWxPEQKUSZAPVMS,200,3.2728046340452116e-06
125,QmbR9mtcWWS9zcxL7K1vSnrha5KnotYs62VN2qn2HZPcFh,200,3.2690506093285425e-06
126,QmTCvVe1MSkfaRWKJwZdJNRVAbNNbGTL2LPYAeUNqrXir2,200,3.2680269018913857e-06
127,Qmeb9o4h5YgfEW9W1zd6iaxex4mJCVWmwfrgyS2cUSLUL3,504,3.2679431631348524e-06
128,QmNT9oDBwQmqq9Qum2UyHyW5tpsJXiqJL8gKz5Gh6YKBzB,200,3.2658518743583628e-06
129,QmVNCPdn7F3iNvUUpTtQuNNHZdcgA1AosbcaC6pZtpuHmh,200,3.260853716686702e-06
130,QmYTKAp355F6LXGJEsz59ERDKzaDAo2V4WgZW9uu3zehDo,200,3.2598640508613467e-06
131,QmQz4L1HaSisULbXfDFw2LmVMu6XHr4chp5dMK4joWKjcx,200,3.2593134096467907e-06
132,QmaQknuoPbPzKseEWFZuaUUqxgd7x43u7rFqHwps7red8U,200,3.2591303660706113e-06
133,QmbeWjq1M1WFDgLnQW58PfuwDJfQEqgDNcTzyaR76eDWkX,200,3.258031516902577e-06
134,QmTiEJzxpowEvZS3iJVzHqPY5GHwbPWBYwdF5kgBRVFZum,504,3.252202407660621e-06
135,QmPxikbCjnt3y1ZqT3DiukzyvjvPrATvaVZdRpRKgUip8g,200,3.25195821866189e-06
136,QmVZd6eTy9nuhCy5XgW5Wgt15hXAbKawgWN3KJaGPXL9Hx,200,3.2494464691170266e-06
137,QmZjmzDGJMwyv32HBcc7UHFCC7MEak6YMcTw5SQ4BrRuuV,200,3.24756454407904e-06
138,QmU8dgrqPzwDQqE3iWtgSigtVqU8fjyeRJ7Zn7Js4bGQDk,200,3.2474034533182038e-06
139,Qmaa5nFLFt9C6TYyFqKRurSBqN2PPozreznotUor2wDEBA,200,3.245800689085563e-06
140,QmNokjKQmeukSSxUHjjNvujvBEh43ercZ9YNYMkPtxT3Yd,504,3.2412266664666317e-06
141,QmTuPEdCn2dPbvdsvKzeGVp6yLs8xo3NZNHcohqscG1wRT,504,3.2347762599572314e-06
142,QmQNJRCfL4bCtxJ1vWPG1jih4YuN3MuTndEkmpWLfjbYQe,200,3.230816413632905e-06
143,QmV1riYHFbbsPMWyCa1xW9pMrfxJjhqMSe887Cpyi5nted,200,3.230383681317397e-06
144,QmZCf6xusCJnZKWSYtZRYqsjQbucJbqQ7MTm9pmjUumNC2,200,3.2276908931340658e-06
145,QmdTYJmpfAPNWWGFhA9KWopjXRi63NX8YQzY2PUCPz9B6X,200,3.223904608551055e-06
146,QmVvXSQYWLPQKcnmdRUddePHbdKDsEGp76E3dygn53wvsj,504,3.2168895690108478e-06
147,QmZLcnnabgkvpgqTWx1JCKRV3PW4CfM7WGaYwhwLY37BJ5,504,3.212742848230029e-06
148,QmSe5MFm8Hut1YaVg8QqM3Rq7bVnJ7NM2DDByA5xbTmge5,504,3.210765192897764e-06
149,QmTudHWKfcubGrr8Z4Tas76Y14DymMaiyirszLBMXqr43f,504,3.210752270789084e-06
150,QmeFzKc8EYa4XPdqHkCLw1bjWAqsNeUyhKqQ7bxi8EWgFF,200,3.210083980577117e-06
151,QmWbSsaVrfYUyWeJgaHAi4JvZEwwPG9nDtPpmsg4QoznNx,504,3.207868950402675e-06
152,QmegsuHtGkqn75cLjWXeBUKTKQJb6SS7vBKBLEhKFrAjqK,200,3.1996507020788733e-06
153,QmWm7RAtjcEJdXUYLMwjF6ibgg66gvcoqAoYjvDftxZpid,200,3.194155932746961e-06
154,QmTBoxMLJy4iTNKFZKww27Viwduk1DxcTVS8vDUHi5xMWC,504,3.190894219383659e-06
155,QmTLi51vscfTeHHVojSmZi7TXtTV6vzaGcEbgGJpyacXFi,200,3.186938173273899e-06
156,QmUB57FEd6GGujAxCxdLT9Mazt93jvje9rdE4azFbr5mkP,504,3.185694583883651e-06
157,QmcUDS6uAqNNUk58UegckX3ZbLiqmTAUQiZAeVz1AiE1t6,200,3.184435141140526e-06
158,QmeAXWGCTienMFbwfY6aYHnxREfDRfPZ3XaefbKBuZoSNn,200,3.184397453167616e-06
159,QmTkqJeLb8g69ggDNNEWExvvQ49qSwfMHdsxQbZXLEYmEz,200,3.182486066840143e-06
160,QmUzFAzhpXNT91PP5UQ3f1K3RWksTKGcCkQceiBvQCRCcp,200,3.1791798268953666e-06
161,QmQLab7EDJSTrxXoY8G5Bsd4BKvsJrQorQVTf5V4D9Eq7p,200,3.173679439188519e-06
162,QmeyHHXjT9WEXwtAidUMB3kuriaECDMbeL9dpCmbd5yTtg,200,3.168764243273452e-06
163,QmdYZdAvP66yD98CcdnSeUpEwMXRFZ3uv7wiSCXJGv687j,200,3.1686543504521352e-06
164,QmZTfjndVRDyDqfUfcoAC3j9RbFhdNPGyLku68a63UFAmy,200,3.166630690781446e-06
165,QmXbn13Ky57VB368kMB47bXmnvE3ja3sXLdzUFHpe4buRz,200,3.162327550774152e-06
166,QmStGAszevgGjVwT2eaEuJ1CFmZQ9unBSodvVZuzJ9LxQ9,200,3.161959616224187e-06
167,QmdRoTW1dN5rGhfFsDrASnVuZSkrH18S3ZdHrB8SadtJ66,200,3.1479380492226856e-06
168,QmRokbueh6vx9Npu2R5pAd87ngAzco932C9NzsAUHaHrW2,504,3.143109416286429e-06
169,QmdynfqPXsVi1e2BH1iUoqkauxSEm2wU6LUxWutkvoJR9q,200,3.133897589716807e-06
170,QmeSXaiUjJgwWjbKLpBbePzaVYcdMQq2pVbieqJN5QptKm,200,3.1331986487155765e-06
171,QmRMZUCAosHSJyXzHfxMGmFFWpWWxTp9AppoLQxxr5aopf,200,3.132919757001859e-06
172,QmaNAxiGRb2U9fYfUEKN8oZUcrYnMyt25BXYTrevCHPrUG,200,3.1325020619531114e-06
173,QmZk6CqbfFwzZ5UL81vyu8c7knL1dMqudKr94SVjg6FUpR,200,3.128916561287309e-06
174,QmTPhY3WqrCoppYeEaDRb4Kwti48m6U9V34queVbkERr9n,200,3.128128378351502e-06
175,QmeaieDgHYjFMhsCMUyg8CuFCy4NiJ12XJxjGvzbFo7RgS,200,3.1274258755631514e-06
176,QmYoNN1TRDvzeahzkqgfcE4qghRFNH1KbHEq241Rme6KUS,504,3.126532610621171e-06
177,QmXVpSeFZEuFF9YWYeHYVwrygjErPzxNeSs1gGQhTnSzjw,504,3.126489020508275e-06
178,QmTRZy76EkZFnc6D5ZDfV2xm4DEA4pR9a87Mtp4GP8nkTR,200,3.125214824530369e-06
179,QmT7H21urGAehQKCiMBvk7nHRDXJ5JpvjTcEgqhyttQzZP,200,3.121662841887204e-06
180,QmPrq3JUFrpgeao6wRaxud28EA6TfVhi3VJxU6iRQ4yBsw,200,3.1212694257578616e-06
181,QmQGHmQa7h4PTGbABhpwLroLthCodZXAbMXzbiksyZ9EUE,504,3.1187410171914654e-06
182,QmZT3b2c5rRafDVVEZRBxBqPQ4NLYr7f3RomnvxrKvNp9W,200,3.1167146119270953e-06
183,QmYKf9B1j7XkcNMfAjBmmLKQMqjB1r51QkwuRzwVYp8AgJ,504,3.115737355880333e-06
184,QmPMF5BP13mdUepzL41J1MuLfbwjVYUiMQtSJzF3Qazy13,200,3.1063832610855484e-06
185,QmaZxBuq3gfD5omTwibDqCgxnKmoVpE5kaQy8Q7UGH6Sk6,200,3.1046472547054607e-06
186,Qmcq4Eqsdoi3CUwfTEZwmBLvcLEgyBrCQ6pUgdtZ4d1qHu,200,3.1015699351952453e-06
187,QmSoFAqxMVkM27EJ5FnMTwXFhvpvMXdvAgww6Mn5qwKaxY,504,3.0985047681719384e-06
188,QmQPicz7aLfXY9zRqH5bvAgidyyH86MkoesnrGX3UrZpXR,200,3.0963355562491883e-06
189,QmYeqhQwbrHx5mREyEZuWNXsFu36Ctao41NU4nZLLMFZgF,200,3.0952949064138363e-06
190,QmZ8tT2keHmWmgyNfEhnKjqLCKBCjxpQCDhwVsKqfWLXBG,200,3.094716299403396e-06
191,QmSopoKcS9AeiqxcUK9M8QiciHhJKRTZ3Keq2YsFR37RfJ,200,3.0931781272819034e-06
192,QmYNrzRxKd3S4nRSWvYZKAUKzL27PGM5M6vwTfQGDUn2Zk,504,3.0923756882464274e-06
193,QmXBzr3PYT867xYRWjceDNAMoaJ7BVkLVFEtZkxF8mMKxy,504,3.0908685708346557e-06
194,QmaQLx5CNzyvp7ja3goghs3NQEq7uGKqQCQWLiVPvqk6j8,200,3.088968966979787e-06
195,QmWEMy777979B1RuGUKHzkjpThtkMVAVs94JFmquE5ViRx,504,3.087164214321994e-06
196,QmafeSM6QVP34nKEdSycbqVUkqhXCrunYwkBt7poXTSMQV,200,3.086906192593079e-06
197,QmNmj4wrMXDsZxgagBEAUAtvvNjuEHrwZKjeGJrTXSqqj3,200,3.0861956650136606e-06
198,Qmathcuw7BW5zMitbPXPRFW1M5pHiyTDgzevATsUfNARx7,200,3.0847362085509292e-06
199,QmPVHm6Pf5Qo3thUGdkSh6QvbArrg3fPvs25qma3aZh8pV,200,3.083702188467177e-06
200,QmV1s9PvxGa95cxPP6gyWiscjTVdt8oPCuLZPJhhv8TW4G,504,3.082867974110123e-06
201,Qma6qe66AY5Et1FV9m3Ee4Ph2ywAXNh8bAhbRLoigaCfBd,200,3.082783490155286e-06
202,Qme6N4bbg5Vti1T2tMwmdiMZtRHTfUdXDkqhaFKWXfXEnM,200,3.0806957846876293e-06
203,QmRPsrxvGYAk3sf2b8yYKEjfuo4PeUYrbMvLL9TJ4WCGq3,200,3.079601588158643e-06
204,Qma52dNJx3rfvhRCwi2S7dhPH35nk3xHXY745oM6EwGXBc,200,3.078899367197262e-06
205,QmRWDUikGvZagSmiEDjyrAFEyy1LuY8ircNxduRZL4v2jZ,200,3.069851965891555e-06
206,QmR82PRGH5wYkQ5saiLBHoRvkjbrRhZtvE6h1sCE1MT6Gd,504,3.062970054165954e-06
207,QmemaD3hc39KCpWzBpaMi9fgTPG3tN79drjswijs86NUMy,200,3.061618488798709e-06
208,QmeWLYofPac6cNHiLHuJqjgCbERAA6neq6eMQbNQMzaKoy,200,3.059904882034169e-06
209,QmQcmYEg9hjcR4VmB7bYnxGFg7ZxZm3HMDNinoYAvYDKuU,200,3.0586005071358586e-06
210,QmZPmFYAM77MfHJEF1N44VC9vn3XXdYxmgtieFA45yUDjV,200,3.0577805067558096e-06
211,QmSCsV1YqiPTD5AdttTCwi1umWCk75gqTuXk3Beion7BSB,200,3.0545544384031238e-06
212,QmRm7XwZj1TfshVSGXahgBkmA5sFh5sV9sqmZn1p18wHkG,200,3.053631313847361e-06
213,QmUF8vokceqLZUH1UxWrN91XK7hwQHvac9xZx66c1E6TmN,200,3.053631313847361e-06
214,QmZN7qwMfsdAYFh4e4bs3cm9YS2wMYS9aD5SFDfjB5ufAe,504,3.052995916723093e-06
215,QmZtM4qS2uMd729UmUoxdgE5JfxLdHasCuUCEz4pQ28T4e,200,3.0529933696284534e-06
216,QmYTCtCTWJDsLaDHtXmvaDcwCuB7d9HNLQgj3pctsJi8ey,200,3.046527359154509e-06
217,Qmf6jzaNHdDu6MRQpAzHB93H2V3LiSYqNwdHXD2qDDSLSX,504,3.0463798052466205e-06
218,QmQFr8vUkpmHriBasfnLzs8fyy7FdVoyBvy7cNFfvsKoyQ,200,3.0406817480894664e-06
219,QmYsmghmw9YkLfe27n1pX8zEhmxF6NohEsw2dehTepaDUb,504,3.03691465347776e-06
220,QmZ4faWH69cFqQAz3wRUT57QhVb4Uh6EPoubfLxguiiJrG,200,3.0357626421571225e-06
221,QmQwV15mPeHCGJFmrBj2va1eHENzYiBNi3SgRyex57RLHW,200,3.035427952713591e-06
222,QmPW1s9H2b1DAGrEbwDG52sv2LzzX5qngkx76iLaTdh6aY,200,3.0350930164954012e-06
223,QmeyeLJaagqhEyE42tarufQdQHuS8tn1znYucnLQoXBgfY,200,3.034000353961866e-06
224,QmNme54dCjnPjhmFSoVxbYEoC7MZeoFCNMTCT1Tfz4AzKb,504,3.0317415663902856e-06
225,QmPSBFyajZMvPcqt9Yi76fSVfAxMJVxzF2nb5yC4rWKo5M,200,3.0313375635022402e-06
226,QmWnHytpin8ytiEHjNc2SyCB6hh2GVGv56QQSYfoGbHiq9,200,3.030942146096376e-06
227,QmUf26HYYyrBXN9u5rwcj7LmULMLnTcGtokr4aYdVARpgh,200,3.030434711616963e-06
228,QmexumVbWhBATw82QsJ6Zt6K84tRE3qMuCNKyaVyJQpmTB,200,3.0256611938382677e-06
229,QmWhXhnGb2KkPdh2RqVQ2ZfVCKYnV4g7H2Y6jdFnDYjn3P,200,3.02507739565956e-06
230,QmVnkMTyN2e7VBvtxtrtXC7oX1dGHPNwodf8KM5KQnuY37,504,3.023624703728064e-06
231,QmNh4V7UEL31HpA189Q5TqKKbzoXGGWgc4MjEq2YDaZHJS,504,3.0206619820577195e-06
232,QmXkqZHD8JxHH43ABENQGwJMwSzxSBaH7AQEEpifnVMYnB,200,3.0201360984761634e-06
233,QmWkaMt4SxLcfR7zJsrqtJrKXwSBaABzM7GtymCi5tyXQM,200,3.0184849528728023e-06
234,QmPjaCx5hfQdXJSKZ1LzWcuMW8AibuYLCqEZskPdc9HMLm,504,3.0182471881589515e-06
235,QmdJNyCFNbEaSxafKvxs4ADetHhcNHMpPxHTJVzob2Ket3,200,3.01604818358118e-06
236,QmbZbU7jVC15qrM4BGavbrsCR4GhpaGeNBb3hiEkCqrCi4,200,3.012651933153897e-06
237,QmeSf9ojQ7vbchV3p53M7MDJpYZWwapySMKUQpPxhkYQgJ,504,3.0122220554504955e-06
238,QmNaip2UEsdbaPA2NZbpTCihvjg7kxD9GerZ8Ne9TkZzrL,200,3.010705106360312e-06
239,QmbSuPQFnAKXW1aTwRqJ47TumxkbUfSQxLqG5vMh2nTpyY,200,3.0029663524720877e-06
240,QmUbEw5LyRxcmAhxMCt3qbTYca4tMyCF61L9isPAEK2aWQ,504,2.999510675483225e-06
241,QmNdJG8MH6wLmQEz9C32HMqCPWTdtLSn8ZbGtqZQiNfB6s,200,2.9993606305028023e-06
242,QmXiiCoGd3171aLThgqT3xr7D451YQpnPtFY6Zi2B2QFc9,504,2.9983624437226743e-06
243,QmUrDYFrFsBEbz3STuLRUufqaFmo8nN8qz1YQXYZnv952d,200,2.997652816468227e-06
244,QmVfyMdZdXNnijgvZ5zAb4LXNbTBSBfxpephMoPetSckUv,200,2.9972026474556515e-06
245,QmT5ooqpztgnBCzWC6MwA2TqQsQxMBQGfr9EkiTyagrJfk,200,2.9956755245442395e-06
246,QmXoaqmAbXUGGsysUCAi95kNZaQTwMfHVbxcn9KUP2MVhR,504,2.994352631359372e-06
247,QmRH4cMLriLGBve3D92yqTEQgirD9xnWoWuKXKKQkFtxaF,200,2.9928858476238548e-06
248,QmZpoACXn8rh32G16o15sSStGDktEoJwmQjwqWBENhCKaz,200,2.9913754395252907e-06
249,Qmah5cf4wkKBPfrhK9WjivUBLK2UEJBJoGCK2oLSZ5k5Vm,200,2.9893818189941385e-06
250,QmWvr9Z7C4V9r4HXBFVZTtN9NQnCBmU7T8gb8wF9gTpuN8,200,2.988569325704556e-06
251,QmPA2MmZGnzX1hUxu3F2gS3miraLRCsHMG2SL9YdWPGRgJ,200,2.9882577229754643e-06
252,Qmee2NoFAHVM3vGeecq6JhgQoXkDnrYDt21U26SVbJdY9S,504,2.988252575621589e-06
253,Qma5weXvVtu4Hq4XebJmG77tF4rQX3dYC4pJpvUVsd1yFg,200,2.988239708334891e-06
254,QmXPoEXSuZyvcKnErnUCnK5koy9v2aUEoF8YJ1o6qT1obX,504,2.987948779489429e-06
255,QmfHnWcurFLZkwqyEU8X2tZnCmHi7Sq2Ad1CzAn9RtgAqL,200,2.9879274673439284e-06
256,QmZUwwWWbMaF8NkphZercwFd9cGNfte62NqbKuw2zFe1Za,504,2.9877639819299576e-06
257,QmZn5A4mNCyZMceAhcRJCKSfKe52nGSTTqhnUJ8Ug5bHaU,200,2.9844847029170256e-06
258,QmefzZSRJJnbD6JMgXbgQ6syDepPv9psUoUr4gtpYUDGb3,504,2.9840101706980928e-06
259,QmcpX5A4zXwb9HQQqqeYq2jwFuQnS2HexuAooT2vjPVtuK,200,2.981382413693933e-06
260,QmUBRzM3wydfxpnxCw6sWHYL22wVfiALpf8ay92Q4av7L9,200,2.9809884393056823e-06
261,QmYRKxeDNcWBe5zNyv6731eaxpTYxQQC8RSn7kQ5U5vf8H,200,2.9787882835929503e-06
262,QmU8waGBY9nEaNKtdxnHcGt5qXcBQCxQnux5diws7NJQ17,200,2.9780921802596405e-06
263,Qmc9vacXMEFeBLVR5L2SXuNk42VqQMU87HekWZPj5jF16L,200,2.977345622356463e-06
264,QmZMbB99gT78XBVxqtXHZknUSz5YMWxWwJzieACk99FzSP,504,2.9771927001355865e-06
265,QmXraSd1rtAsnNsofeJrE244C3zbjQJuLzuDNH6w1zUT7e,200,2.975781039217891e-06
266,QmfA7CgcLtqgvvQdsccq1gaUWk6XUVfvBVYm9GUFuGTJFE,504,2.974141260103663e-06
267,QmThC4H6Cvsz5XocViujcMpbcXC7c19XpJqSmAS6kJpyb6,504,2.97191411713238e-06
268,QmdwcCBijwrn1hHBbrTMQ4LXV9fzr28HuT5hPqWrsterG4,504,2.9699292829829477e-06
269,QmTDxdNMjwQnat6r52k2j9JRikuUAJZTNoFPbRmjguytNa,200,2.9676809690569103e-06
270,QmcmHiDhGAp1ACvwKRYVutoLxZbGDttFbAsUDBfDawJBc9,200,2.9660842957495362e-06
271,QmVSYjNrkNqVCuJf6U3RZdZT2aGB9SbB9UcW1oXYgbS4Gq,200,2.9652440508765587e-06
272,QmSRMynLyi172Kkf6RWMpuKycrJZYJtXUkXc5q2uikZCFD,200,2.9594011223334155e-06
273,QmTbbinp4TafwsmcntXSA9ekY3YM93GC4RCzwygoBRFLZD,200,2.957214648653643e-06
274,QmPGTWfSepAycTNoes5rTiiTLc258BXZ3N92duZMypkh4b,200,2.957101571192319e-06
275,QmXbmsUFQwB4ogdSV2m2JaymqfZK2G8YeSnUZQNv6HRqK4,200,2.9570004985228532e-06
276,QmV7Ho5v6V526bvkDWcHjBGtXTf3Q3D5PRB9Pa7KvZMwq4,200,2.9551280470194827e-06
277,QmUQkV3FxA4JHGNdtiLQmBSZEPYe5tVTuGwUPb99NqQZJ8,200,2.955022415456477e-06
278,QmbngDN99hyq4HQuuj7aZJYgyb6oCWdKPjpj1K7y9m4DRj,200,2.9540791791973737e-06
279,QmaoC4xWM1UeA5e6bD863RuY8odDZf2Neu9pgPPnGZeXqw,504,2.953564783614373e-06
280,QmRqgtaM1ut9UPav9CSNU6NT8gUaMJdbZopWBZ7g7rdUA6,200,2.9513564026165416e-06
281,QmVV4xYXSkSpThj7Dvm7xqrwzbMw7FHkHAenLPAE71KPa8,504,2.9505919785857268e-06
282,QmRx2hbXRBV9vdbDmZL36VAsHmsJFRW3CmSvimQ1eyNjjN,504,2.9493986528726212e-06
283,QmTuvV1RJCFd4VkPRAuKHKm2DvhicFGAZkL9DmkHVCcLqm,200,2.9492520136548545e-06
284,QmZ9hY4hqjmxT2eR3v1MwrNYz1EKQwNhLRUiGATfdSZDUa,200,2.94812407576837e-06
285,QmWmJfaFqXTHJqGsnMQhmfmukEsjRgpuBrHdufj9p1w4QQ,200,2.9457182658649033e-06
286,QmaCDJ2pe1T4WWgakBpNrmTWSbgToeMAgGSPbD3fEHS4NC,200,2.945718265864903e-06
287,QmZNxu2kuisLWa4W4JwuEskzYG8QxTQ6u3SqwpQa88JgNK,200,2.945149682661057e-06
288,QmbP3updiJFQiYELfh1W5eE46rn4t1UeN51RcpGhWho9C3,200,2.944720493614953e-06
289,QmP9Q8iXmffsnsp4L3fgfwUeF2QsbKbswM8sUFm7Ucy4sZ,200,2.9430726023055982e-06
290,QmYWMWJVesmQDBfp9S3sSyv75kmm47Qv7CUgCEPHZtx4ZK,200,2.941437728817156e-06
291,QmYrzky7hUBMUEkwnaSadkUTvgWmxcNXvmeotLWGKPn4Ms,200,2.9393741253589288e-06
292,QmbLvzXjKu321cySSMYVfBrNNN1ShJmiRTtSCQEnhEL34W,504,2.938401149110029e-06
293,QmNjUtXRuZgaFULrneUBZ4GBAfM6ZhyMaKGQxVU48aHZTp,200,2.9378582725536323e-06
294,QmXCAH32tsvsyYedsshsfz4s1umsy7Zp2D2swGdqd57usc,504,2.93633544723132e-06
295,QmSjneEDEGYyA2fZFw7eHEZpSn2QMPBFysnHe1EsLfGYRs,200,2.9334267001861313e-06
296,QmenYmAwnE61VcpUWhqHTgkhrE4PH6Bpp46vnqah9tvN91,504,2.9331017658558513e-06
297,QmPJPbfE2ZKTo7LQvoesxHa7FuvdzJQoBmG9ribg3GQz3R,200,2.9308116087214588e-06
298,QmUgWa9ag82ga5TjJ7vXVnJixacUGqTU6Dzmk9tjuSc56P,200,2.9302800645239956e-06
299,QmS73aHRwWM8UpekD9A2QirS7g4NLeoTEZs7ftqGvJo558,200,2.9294558605660514e-06
300,QmZ4yC3DZSUm6aAHwbqM3hhjDuiutjePLW9JxeUF2Q8cgZ,200,2.928643547239444e-06
301,QmbLqPfv4W29vBujPW11fW6m5MY1gpUtxaFayz3otBKXud,200,2.927791330569105e-06
302,QmZbTvncbcWsh6SPn7TSm5WjbVhmDVpCeY7hob5vngBzfQ,200,2.9262149535969168e-06
303,QmY1VUpByyi8oZ5wtU7C8cGB1RGgDqwjU9GFJBRYjWapHv,200,2.9251643297984578e-06
304,QmVTSYtJD5sSGLAJfxKznVA8ebm4TQwej3SfLZdBGxtHSk,200,2.924474592133956e-06
305,QmcU6rBE49dNGrMmC5QZJHcZ5zjK5QBSXNHTRegeVKEYAX,200,2.9241356562684114e-06
306,QmNfARGSPtGLFiTMYnYoXFbVHVhy3CJT3KfeTvhnbKG8c9,200,2.9241356562684114e-06
307,QmdkhwQdKy5MTAPJgRXHRo1x2QZrwe79SSmssBs6UbsRHp,504,2.9238113242937026e-06
308,QmZ3HJHyfdxR1wTug4R1vP1XcWdcK4TWjvm9aJ28BeAYMf,504,2.923810515280888e-06
309,QmQCX78sK8LbfwM91Ry5Rj7pRoqDiukjiw6K9UgYWjGWC1,200,2.9234880998271207e-06
310,QmSZTb2ahYTQ6g9YNjcj6NKSJ8VhJDZsqpmghQSSrUt8Bn,200,2.923251380392468e-06
311,QmPm6TDWmHgn1hU7aKaKmAwBbMCj3Pr9Lq3zG2HNM4MrRP,504,2.9231937143924186e-06
312,QmZpZAQLfZySTRPRSBK2NmURTyfB4ytmxnsndtxPonkZjJ,200,2.9231937143924186e-06
313,QmX8VQG264xVEHB4oNMZ8LUUwPSoMcHJaRte3gFoy19YyS,200,2.9231739404737906e-06
314,QmQ96vV7RA2yc3N8T47LZT5UFzB3yX5o2oPckLiSjqwckQ,200,2.922875729685378e-06
315,QmbV2btJtALddzyAMMixSQaHhW9avaNefLvoB4zGR2Fdzn,200,2.9228500321099237e-06
316,QmfRFArrLPPLVJcBFVTuXERQuaZ73FEUdJEbH9BLDFHxD6,200,2.922202217382607e-06
317,QmbCBJe8UAMAngVyZ27iB88AdFiaczz2Jp5CVAFYftp977,504,2.922175508284004e-06
318,QmSDXkq2BwWLvNh86R6yHoqxck3D8ZTbgdjWxHi7LFQzpM,504,2.921801406727891e-06
319,QmNyXFgndG83eS7vCr8cv5P8aoJxYACNHTbtqXxgcYXoeY,200,2.9162644715533343e-06
320,QmbGm9vSeYNCQsdtsjwYLP2MC896hhwZrQype9qDuFJP7K,200,2.915506206110228e-06
321,QmbowmZ4e8JGUE8Ru3MxWhqQ3cHRx5rh56DLMt1yXAkUBT,504,2.9131997951248515e-06
322,QmW8m3EUJ63Ak4mqXind2MKPLTfm1FjottQREk4xF6FMQE,200,2.9126907338885497e-06
323,Qmenu1mNkgvdSFQXBiotXTNBWC2yDecDgh8Uo5zgp9uovz,504,2.910249467831738e-06
324,QmTwKT2W6vhu4bU7PXE329vAJaiDbGepvRLktPxeXV4mJ8,200,2.9100778985865915e-06
325,QmZpgLoLqRAmBkRePeTTyaKYDoPY5U1irLGE3TZL5fvMSP,200,2.9098147262059035e-06
326,QmR1BwVqpsV6Jz6b7oVNFsJhpTzc21XhicvpYz7gSNYi7m,200,2.9048815983075745e-06
327,QmViSNX5p7ArZveoequxQf7uDksYQTEwLuC6pU1PMf8eqN,200,2.9047664969452855e-06
328,QmbgY2SP5jJVbKWcycPNtMcRvSZz69knUKBXPETBGsj7gg,504,2.904722759252912e-06
329,QmbvjX9XZAZnXE6guWrcPoVFPCPi5YmcKz1ZxgzYM87DPA,504,2.903739990453412e-06
330,QmWoNPLG18cLmd55DHwfnFvcEVzH2Gsdt9RfemxSPJmZaC,200,2.9025530466719196e-06
331,QmSjMAuXie5Rdu9Ljrs5gfsk2cb5PR1uVcKcqYvvxbFtVz,504,2.902053987874707e-06
332,QmNkqqRG8WuFQzNRRgJDjfvaoffciiFiUqgDicJJ3sZCHJ,200,2.901586182111505e-06
333,QmSXd2Fsz25eN6FeptnrQFjaLN7KaKXZYcJq9frTfgrovi,200,2.901302624248789e-06
334,QmUVMpWa43DvhodURKYvKCdiL3hqKz17MtxNUbukJMEL1c,200,2.9004411419834635e-06
335,QmZjQaRUdyBuXuheMqdQ4PAiPJ5ssM1QyFm72jCkGKziTC,200,2.90032747352409e-06
336,QmZb2P25fF7ghs3Mi3SiAKM1cwWaNeQCSrDphVmBVQB6Lt,200,2.896651863361269e-06
337,QmdjwQ9VH1p8jPEskmipRZALM84RSobUuTw7fH78ieWqWE,200,2.895136025429799e-06
338,QmUDDepaQynoHP281NycFyBTBHMWGNqBWLvnEUwsBEX5vy,504,2.8944940751703152e-06
339,QmRiZSvtiGZh2PBiBQ984q6pL4fQvS12iSX5jmjzrYzJQK,504,2.893831605897375e-06
340,Qmb19nA2CUwmizSF6QW4sZxPkdAQ9C4xXMqgVPDQJLaqah,200,2.891124908780551e-06
341,QmY4bto6ESYNtZuoBVj9UBoz2j3LMMcrij1YdC9ZuGxxwZ,200,2.8907537369394263e-06
342,QmQfNv6iueXD3GrBxEAWXfmEPq3KPMijpZ1xjGBxPtfocF,200,2.8875691682730695e-06
343,QmTMJYxrY1yJ1dC2AEKnMsVLR7nNxA45tUu2cL2rEHVW8L,504,2.8867004727393702e-06
344,QmWWyn5EFWZZhi7Br8RWqsnuNX5391DR5U8dss15F267hW,504,2.8827201874725555e-06
345,QmWeMPPtwUQnGtREtMtLJmH5WKNWrVQkvEAjfoSnsgRTrc,200,2.882639212928545e-06
346,QmU22HJBCAgrazsHxEAGSWehq8PWpY3Rw9HCLQ5357mJrr,504,2.8823898896667337e-06
347,QmPoyBiETWGfLen1Uf1XkPPFERDqb39B7925E7JaAWsCBj,200,2.8820931699150463e-06
348,QmZQzaeU86XXpF49Q2d9hhM7vtZfgupnkFnewRuiArqnGM,200,2.881244803280601e-06
349,QmY1wh9CQB5tuN3mN39nLNRMqMGQNBDjYGkn15hD3Fitft,200,2.880024807886806e-06
350,QmYA51b4f5ZFnZtCjEocyu9WGZ1NtBLgRu4rAtgTRjrvfm,200,2.8793364490439514e-06
351,Qmed4Rd5pWx53RFb5BX3e74Jkiuz7ERNvXc1zZoq8cgMHD,200,2.878472751329058e-06
352,QmfZFVHSezS7qS2SSZbnE8Ds4ttbAQo7P1EwLUNYNhptV7,200,2.878281062430946e-06
353,QmcPiiM1o68uyEXY84yVsxoLVTvByt7Ky8y7YQduHKyBXo,200,2.8776446394747573e-06
354,QmY8sBMvwPvTZ4NLf7KrpLdSaiGLdFg2PEKqYmgPPifqYv,504,2.8764754174826775e-06
355,QmZVyRkmGLZ8UnGEyjsnbgv5iiDYCg4pCEEBNRPVhwLEFc,200,2.8754834850189917e-06
356,QmW8Z6rt8vdizMGNpC5bUzQF5GyTse6KxjSLrxD7nUGzsq,200,2.873666839312722e-06
357,QmW1g54QZHo3byFur5eTW7VmMntxTx6Gd6ZHbPET1muSH3,504,2.8732824575041903e-06
358,QmQNTGXCaCCsBSinnuZsnMMnTVKxHn61AwuqB7okreVS2V,200,2.872177873437404e-06
359,QmVwyRRDhWxbZV1d7HgWMh22ZZpnbqfbv5DqC3jeA9dGvX,504,2.87110229751564e-06
360,QmS8yDwcVbNV2XZxe3FgSpQX39691VQkUBkmDVmvZX5kaC,504,2.87049421407774e-06
361,Qmcxc1SwxPVM69VDPCeW8TYXM2Y9T1caSaFaCtDExcrH4Z,200,2.8694784495394574e-06
362,QmXKCqtcget21WSZtDdN9d19NbvJNLZSGhEsBciZ6f1nYW,200,2.867577986685378e-06
363,QmY8tVPokhiXQ1dVRFVak1515HDbrV9p9zpZQsnLBd8QwC,200,2.866177930597542e-06
364,Qmc7gUC7CLdrvoomvxHJ8vo2D8Zm7Rg5WaNpZNM9jmxVnc,200,2.864767071151631e-06
365,QmQd5qg1WucNa2cbuNbTfpYH6Dgh3ufkEZucQoBWcDjzXr,504,2.8645216208458568e-06
366,QmeZnoYGNs5Zxw8k9w4NFpCrXYmBkJdxdG4GBfReEuhcpE,200,2.862360684317568e-06
367,QmQDFyA22bxNuqA5BdBbWeDjr8mb4YtwfR5RWHp5jsj7Tf,200,2.861399325356544e-06
368,QmeonmMHtVGNvNEg8CCxqJc5965chaXZsZ1hdsCE75qe6g,200,2.860716933687029e-06
369,QmbwnYciLc6QRxfXwabcwMfJaqjB6pmcBKdUZh4i85Ki8w,200,2.858794672103526e-06
370,QmVuAj2hhrpLAEiQVyQc5FT4p111S54KGXNuSKtyegfgZp,200,2.858440738249069e-06
371,QmPShjEYks4C7EGZd4uKTmkkRPhTMtTeEBTzpV3n5TQWhG,200,2.858384707388738e-06
372,QmXcKfiUGyqgZRVQ884SLr6ez3G2NWwMKuA8P62AQkTCQ9,200,2.8576173771739566e-06
373,QmXa8V8QDMnt5dmLoQMQ2t5qyebxSHnpY9Duv96uZ9TgsQ,200,2.8561940383992566e-06
374,QmRay8dge9jaP3iZTUBiK5zAFwHRAWtRAvSg5PU4jzmCdL,504,2.8561940383992562e-06
375,QmXevmuQiPV53Nk17R3KGF9pVRqaBZd5Napk3RLWm1cfdE,200,2.8561940383992562e-06
376,QmSrSgVmHrjPvXRJsT2DPo66qhfgr3cxxXgCBzeLvWBMLb,200,2.8561940383992562e-06
377,QmUBRZgyNYbpC7m3jpNREdzqrTspMxLgJ7fL9V9HcmCYFX,200,2.8561940383992562e-06
378,QmPN2qBdoJik7VXK9HtAeTYesJM5L5bY7Tb2A5ZH5QnoK3,200,2.8555004760617238e-06
379,QmQpFT5AeYqRuvyoFjZD34TWZAAUvS4LPeBhKtGz7Tth44,200,2.8551622154085965e-06
380,QmNVifGZzEktKJbYBRpY6kyhDEUDdqExwVh4wvSVMqYdDQ,504,2.8548590899143053e-06
381,Qmdq5oTj9WtwdtBA645zZ8katcC5c7ZpQi5MFp728wWuCt,504,2.8547177387190244e-06
382,QmbpfoPwCijvYKY3tYWQkSNnuGhcHiiiPZwobsMtwZXPqT,200,2.853440306053233e-06
383,QmV2YHY9PXatQcoyz5xbrsy4mcKSKzv5eXPDpVExCa49tn,200,2.850746602367928e-06
384,QmYvRSxEKNiXijt2xzTk7Nqyay5zGQ5TcvQCaads9JtY2P,200,2.8497192555203087e-06
385,QmRWRzig7eK5F1tcBVuCAHzPvb7BxnwHKhvVqwJ1rPsb2k,504,2.848999835200426e-06
386,QmNRtdAya6AnpxsxC5nVMSicBgaMogYrd4ZKuWWWyfdGRK,504,2.848259194311138e-06
387,QmfFkbsBRFyFrAFZiq3jNPGV3GNeY5kWqNjZrWzq35WEth,504,2.8467799217505677e-06
388,QmckCPFCPEZJ3byGxSQfEiKs9r9vLVzGaBudpmMJNHGK1h,200,2.8460086168093483e-06
389,QmacPgGQ3YdDBefcSHhd69W9BxJXoMz88Zbi1fz7Bb7doS,200,2.8446489085442905e-06
390,QmVZqJUBYX9yKTNazSAwyfFMNcVQMgxNAzbb5TDweZcgS8,200,2.8428123933919133e-06
391,QmY4BwotmmJtDjMXrvyuocoe8NAt2xF56mtuazV8qAzWjC,200,2.842422361588661e-06
392,QmYFGSxtHSRfF6z4MjtgQeRpQp5CEij4Ry168yBkHkyimP,504,2.8386766413742834e-06
393,QmPozmiwxhf7M3LsHgdc2HE98ywxnVscWwXeru8m4TdyEv,200,2.8371735321431967e-06
394,QmduKRK6NheSvKnNFBdkbju41PFwmL2BG6oAhr6BRJMri5,200,2.8368337530772876e-06
395,QmTZHR27FTJkEotydakEmzN1AwP9zCXYcEY1rAbLkJd3Ko,200,2.836090900060425e-06
396,QmYERM97HjfMCCLCd9o9JD5QKKEdjApGpGNmxpdhdBtHKw,200,2.834624656310927e-06
397,QmdNmb8jjkKvMqvE62JWTaTPxN1BZihKsyazDQKsvuxBn5,504,2.8346114288027648e-06
398,QmTrw9TSxVBCth5BGBTvm38bsy1UAX9WhDTGL7LKEyhrWT,200,2.8346114288027648e-06
399,QmQ95ioCgcrWuDHGj6AycXQvcLapsKpSmJ6srQwgJ8mB6P,200,2.8346114288027648e-06
400,QmetR8Y9cYzZo399HWYRENn728SgCPnEYcqBh2g5aykumr,504,2.834195816257072e-06
401,QmSiRx2QYi6xAeD3RDnNFbLEst5y47bV1ook6W1QcDLAqe,200,2.832148328003921e-06
402,QmQGcMBRxeQDGhECUqggaXujVke1F6gcZPnxvzpEqo4Fm2,200,2.8278542041209342e-06
403,QmPzJWhvtULXVKiQZExfRX3XkAsG1khGZs85nFN1swm4xZ,200,2.8270358897091663e-06
404,QmWDRcnFjhvpKzfwbRgZSqoSWGDBXXKLaPpuENgPKhzZ1x,504,2.826941345774157e-06
405,QmTqp9YMz6k3UtU1MZTXsxMQJLRx53qkAAqBiPKsuG8qJn,200,2.826745767361162e-06
406,QmSJzY3K9YcwGHScnHTqcsB2AvDrXACwxdb88sc5g1LFuW,200,2.8260541883046762e-06
407,QmPtDVzN4nHCMCF8RVEf9PVR2qwCeVfpGc5b3r2b6H5PmR,504,2.8255515481265354e-06
408,QmcSWYU1bmNuZdQP9aXEoYRvV3XjfsgZbbzT5h8gqz6xz2,504,2.824974722121944e-06
409,QmWN1589UvXSjHLq7EuBmtS1n1D6WDbLL3ps4uH2kqrNW1,504,2.8228409294866696e-06
410,QmUe4wuAD82KpYqg9MdTnVwCBnVZAzvAJacdyWk9jGU57Q,200,2.822555248386783e-06
411,QmWo51JkYwnTYB35F9ueqEkAS66e53nQQTTSEHRW4Yyvtj,200,2.8225288051104064e-06
412,QmPEbSaqS8qjcVQ2W8Xk9ed2TobPkgXpWQ3LZ3XLr3xJSo,200,2.8211858949118166e-06
413,Qmdo68fYnPRNz68YKiCcBGcNrw7Saq2yffT7GaZpKiHA7x,504,2.8202032903554607e-06
414,QmU6m6Az1TVXkMpsi9yQx1LGebX2GzXLWDr27eiiU8JLHx,200,2.8200860997697234e-06
415,QmXmyjiJARVDqDEaVkwQZbXgBmZrf2ZUEgTRa12yCCGFuT,504,2.819943915110497e-06
416,QmZr3HfN8f1YZDmTjDYHh41QjTDNMyFaSjB9ThYQHtXy7A,200,2.8175353879233293e-06
417,QmZEPS77PBMWDT96wTvhWkUMjNWSmYk4h248SgKchm1LYm,504,2.8155783153605857e-06
418,QmUrhQdnLSQPHwTRJMpoUcECKxehhwfAUXqC5WEr7bCaxa,200,2.8150655943393247e-06
419,QmdfqJYqDBSaeE9dwhsTgAmXCRThXYC8emet5bWAFGkRWn,200,2.8148286792078514e-06
420,QmU38S5nUFhAikRnQiboWH634YCPnPkQ4wXrV1K9Cxo1mi,504,2.8142359615639694e-06
421,QmVzKAFBPkMQZSruzKYVcwVrRNQ9zgXpVrLL6oZbcnxbji,504,2.8100333065850928e-06
422,QmdmMpn2bLmX4W9Cw11AWgdvaBGQGJSajREXub9mHZXpC9,200,2.809833867453036e-06
423,QmeMiPkBZM3KvDvo83TV3opoGQRC3qxqWKUkGUU3Va7bhJ,504,2.808719393087668e-06
424,QmZZQWUrpJi99Ssi3HovC38rJXtBMQ9NxsdVrMGpnCQtnY,504,2.8084416096711742e-06
425,QmayUVfyujDbKXqvggbz5MimxKSbzBscYyfveKouRZU5ea,504,2.807497109541516e-06
426,QmNRoYMj8exSDQnWpxVF4PU7yyhg9yghutqtrXx9EhqHbe,200,2.8064702004842e-06
427,QmP7ctD9bwhDXVmXexJZ2XwT2RxcqbcD4qw4jFQT2BYsSu,200,2.806249196488131e-06
428,QmZBVu7Pqfg7vEXFLMTodXt8cE21T6cv3Z8T5QoR3Bupzb,200,2.8059188340554155e-06
429,QmRveUMBGdooFrGbWd9RmQYdKCvuzmGH9jgebMYxhKLQn4,200,2.803946461327188e-06
430,QmNaJpCNixpZjQdUu75yvxpcutr33NNKD4xwx3ZtxVuGYk,200,2.803724806413753e-06
431,QmUdcphwTtTCVhawM9ZXzGbKEExA1Zs5JM8X2gnFNWXTKC,200,2.8022375144080276e-06
432,QmfCJcv3kVPzkUvVwmSHu3ommGzPS9nvhABFpnvpgq9eKR,200,2.802237514408027e-06
433,QmXsM4h6FqieC1L5CDfmPWQs7FvZxHPUYN6XFVh9vtG9jV,504,2.8020861197888553e-06
434,QmNspSSxwp7cDP5A4g7DGJ3HP47eEP4BabnECWoAYHjmmN,200,2.8017409886956654e-06
435,QmNubNyvsAY2AzE7YQfkhRmz5fDKSSwRx1df78HUapEB7C,200,2.80060945097803e-06
436,QmZHXFNgh4EmP7R83UYUqLjhUR1duMwNwNSumFGUGNY7ju,200,2.8000833103889286e-06
437,QmNyBy3bDZApLLjAQzkb1cFBgen5aMZZCo4fsV62XTLyQw,200,2.7997744136091837e-06
438,QmdjMiPvt1aEezWCuBbw7us5virXYHfuGSKZ9CdxZgnU1x,200,2.7992963903839828e-06
439,QmUL6DHLnRJLbQuN1mEYrbqHJLjPk4nmHvWTozMjUk3xzA,200,2.797319131402353e-06
440,QmYX3rama236Jxj88Hvh5gEo999qShUZbShLkHbtPYWpWo,200,2.7966656718280644e-06
441,QmbfSPdjqA4ci6rJAxNd3ADKJRzuQbxPFgDKG2maEH3qTe,200,2.7947485747590473e-06
442,QmUwyN6evaRTAdsAFLe6rEU21Azm36xNpzvDaRSqDAqKpn,200,2.7945633468115136e-06
443,QmTe798YHBoKbHB5SFDby8k96pTY2WhQgQcpqwYukLEMWx,200,2.794317324949669e-06
444,QmZ7BBjaXynUccjmrQATcVP1AytTDE8Ncy6AYNjLeHPCcN,504,2.7935081855986507e-06
445,QmUmnxSWFS6dXv8MriV3VAEW8aQdjCc54pQQ6SfpfC1bh7,200,2.7934540661777736e-06
446,Qmb5cRL5gEd2xZzs5uc4s6ZbX9411qGVuFghJTxv33aWkc,504,2.79335827774756e-06
447,QmYSt45vUqzvB8bFoQzhQMKRk1EmWSBp6PXNT6JpdxzMKf,200,2.793230418100884e-06
448,QmbpaqcDJ4cmEHJzwjtJwTTbNNVHim6mb5YvoSVupBP5Bp,200,2.793026642813814e-06
449,QmSS6Dec8Ucqf66tEKDMNsg4UgTsyzJBh7Kxgwf9GQFipb,200,2.7923627510809084e-06
450,QmRnH2NRj5ynjN2VkhrLSSgpywaLTiQedJWkyVmNeEvuks,200,2.7918270076707463e-06
451,QmSv2FndxHkmgPJCy5kdU3VuCrL5Hb8Djrc6P1C1DxJJF8,200,2.7916679105338338e-06
452,QmaEgLqFeZgpCTz4hRbkeYqT1oo4JAvtzXGgXoxwf6rPrP,200,2.791446209609782e-06
453,QmPDVc9DdYaQ8c6jD5xCLyKftxvCNm4Vx1C9ym5EUmpz5V,200,2.791446209609782e-06
454,QmSg4mrzrb7Pw5NNz54TnZ6Gqk2jbTpShNP1UmfcohmeQh,200,2.791446209609782e-06
455,QmPZYv4Zdy3WqhdSJi7sBJnWcwHqEddpiF5cGCNNV7qHXo,504,2.791446209609782e-06
456,QmWyGyLjG3ti6Vq5qWEUyPmDHrX4yh5sdXrHGPYEckEj7x,200,2.791446209609782e-06
457,QmRBLwxMPLDaSdFQ2DksG6dKhHEwsG3QVmU4yDyvVhEZu6,200,2.791446209609782e-06
458,QmZvcjk2wzvScN1BWEY2fvifbiajBWxcDbcYtJHhucWgWo,200,2.791446209609782e-06
459,QmdDkcJHnJAL3vGfzmpTr51jwdYSGUtEjAp13cRB6jgnhy,200,2.791446209609782e-06
460,QmaHWVfv7hgy4bWZCVBGe4WiusV3v7uK55zwExe3UkjTBe,200,2.791446209609782e-06
461,QmV1iqmCpih3LpwS1J3inoCFTc4bfSYcX1gJ1BzURMJa8Z,504,2.791446209609782e-06
462,QmVm1kAQGSNSaxqhy31MRWpejiJF4RgzmWbCqJgoySWYiw,200,2.7914462096097814e-06
463,Qme4T2i7AmymJYUAtiqY9Qx71tZGmMRtRMFH6mz75MVVxA,200,2.785018730163847e-06
464,QmRRfBsrtQfHL6tFyYbubTFxoaNWfpnZBTAEw5J7J2KM6Q,200,2.7846940156382328e-06
465,Qmc1vLuFNJ7CPGwoA2Dzc6k53dJB3bwKYppEfVscTRhuXB,200,2.7828131657711854e-06
466,QmdJ4KDNq37ZhJWyfmaWhdf9Gg4x1bQhaWTDKmHykEwCku,504,2.7781450511892506e-06
467,QmQK61AeMyxJfGdyfMcNrigr82Tym3nDuU3mXypbUmHtNr,200,2.7780341593605335e-06
468,QmU2tQcziBZo5PJftykkHfYb9sqTWFvZDWgT82jjcniaXZ,200,2.776643222731432e-06
469,Qmdvbg5VHgcUYs8NQ5GNcoW9nbv5V6kvuA8dVaXtiGpeos,200,2.776643222731432e-06
470,QmctbpV7YHEDbXCFgNHpZ2GjDFs66LY3pucAyDaNXwMgcF,504,2.7751590999250795e-06
471,QmRbG5Ja2sbKDHXEecJUr2nDYzqE1P5pY1Q4kEH5PA8SXk,200,2.7750096045873574e-06
472,QmZQg3qzbrJERDLngTs4zsQwtiPJ2J9dtwAWNJmcRgZvSN,504,2.7740213477679485e-06
473,QmdoUmminyKkaUSxkgBoDXX2fJmQsLuxyotQ2yWHwXhtNY,200,2.77249864624195e-06
474,QmW3Wx819gW275ZAxs7ELvZGb1cnzaG2GN1BFHTjDHLMJN,200,2.7719173773268365e-06
475,Qmc3dtqpV1sheaF5wkhuByxKYcY4zTeYTQkiRLMJS6FvmT,200,2.7698636000132904e-06
476,QmXXTY2PxLDH4tXtz1gpxYzn3pzULWQZvcG1f8MPFjNvuj,200,2.7698636000132904e-06
477,Qmc35avpMESYyp1EWbxYrTKQdg4pJNiueyZ5w1TnfhU1Vc,504,2.7678640702304227e-06
478,QmPEXDEit5FX8XLXocki2KHbAUw1dtLe7HZu2Wm3Hz63sV,200,2.766968269704016e-06
479,QmRFwEHpLCzq63Am4CqhQKEguxPdaRPo1wXhXyBmkZdRvx,200,2.7650306696359184e-06
480,QmcKfhAjrJBKhKSKwMyoCXz78fpekBqDSKDMB6AGaZY7cL,200,2.7644177713940735e-06
481,QmZLd7t33kpEon19agBd7oEa24YmTpsREdY5yUMUFAHPem,200,2.7634743422742047e-06
482,QmTfjeLv2sin2uWMQYcX55M3TQkmkFPPnPsbwpCn2DV48o,200,2.762849606469794e-06
483,QmYjSLcDY76Xdn42LRLU6L8nGv5xqzzC622mqHt5kbsH1d,200,2.76166179069972e-06
484,Qmd64iPVahEDXHprmSnpH3DRaRPE16cTM7Nx7Jf7U9AkC1,504,2.7614395994904847e-06
485,QmRqzipd871SGjpmymsCAAwCeTYz5WMUQYj6QEzjjiqkjn,200,2.7604250155677375e-06
486,QmQtrpmXv9m4gAagRYYN15q9FGhbMnmoj1tDjWqeKg8JQ1,200,2.759670384920076e-06
487,QmSQhn61FxjuNpWMN5Ma5siCJ3AVd8z7HMaoWYwGv4cMQ8,200,2.7590957151811196e-06
488,QmRJ74epbBwmsbjkJAJh4pPraTc2sm6k5uEf2dbjKZDpcD,200,2.7572708596209096e-06
489,QmRwrvP7cc7JZvV5Q9JDpfn9TR55dwxWNxUMDDrhbTQyRq,200,2.755889774096317e-06
490,QmUQuvPvRpfkZRmivKqQQuRXQih4nvYzuqvgxv2Ntwr9oX,200,2.7537629104083547e-06
491,QmNSA5A58eY4YhzWEH6iLvNNbya2hEBsyxBkhXYshMXUDo,200,2.752902445553242e-06
492,QmZxYbiW2JiAGFE4k3Ceeo47zS2Wi6kExvepEZ6hvs2839,200,2.7527646142896856e-06
493,QmX3Z1Q5DwZvcbgkdEfRuyS9Qe53rydti3EV7VchsPr9D8,504,2.7521902885175566e-06
494,QmYP8XAqnwmBHG8oVqkRkKZ7DTyq5NKEPxPVB7zZCtfyMB,200,2.7508948618925513e-06
495,Qmc9wqwwxhQ5y15CGv9oh3kVhWE3bb7W7wqXEVJdYegCzU,200,2.748762011215866e-06
496,QmUEaSEsa3GvWrjw5YiV2CRABAwY7xE6d6hXzCqN2KRte9,200,2.7485226778239327e-06
497,QmQZKchvH2L9ev51hCHQozztiQbHGDrfviwna3g1u9DZCk,504,2.748280990416799e-06
498,QmcJcdWbzeYihQabXq2bZephwT1unMkGht2UrcQy6DtPLj,200,2.7482809904167985e-06
499,QmWrS5EBLCD65eiwirQsTB73k8C2c3USWDWzJU1DYQto3b,504,2.7481931575595397e-06
500,QmYCN6B5pp7tZPM4BQgMcQybAo5HtkM2AfnHcvaQaZNH61,200,2.748006376551948e-06
501,QmVymvTL6dQmUhF89PcpL9zqc4s1UxGanJJLh6R3H2wn9u,200,2.7477233525992034e-06
502,QmaGwNWRXBuU4DfSj3HNxntgq4SSS5qTttYBDDDyEJv4uy,200,2.746618141238795e-06
503,QmZPFMrmmf7fRMdXuJz9JEwpeP1FHfimj9SmXog7tLHTQp,200,2.7462254021997953e-06
504,QmYXzwzL2DoTXGmsMUaMeqsSXFxfyUtxYkHWcA6V9rD7eH,200,2.7456585674596026e-06
505,QmefGSJR2YqCWwmafS9ByyVmuHdFpUTsXdeLRkbabezkRW,200,2.744685837264202e-06
506,QmVFaV1FZUewqPkm2EncA8vntj9dBVLpS4h67fPSRRTBrw,200,2.7439811225418383e-06
507,QmW5BUgH2VrnJAq3W6YF2QbzzVYmbT5SQiTjNHtLhhPqCm,200,2.7439644684975003e-06
508,Qmbpkt46ofzqkUBoqa4ZDQ2q94SPncmhu45P8ZrqgH9SoN,504,2.741796254851851e-06
509,QmeoghiY9vLNaduq5WkyzYYkyam1pf9WYaWAHyGDdTPH46,504,2.7417119224270314e-06
510,QmQkAqca8VqTqPSSgHwPpHicwpxLLF2cpLwPhZxgRrLejE,504,2.7415429811586284e-06
511,QmXTcU4yfAkJHRae9QgS5APUSFEY1KKPHPc7rNCqoMC6Rn,200,2.7411710052659407e-06
512,QmSFR8qdVaBA6tAD6F21fY84EyJMTQVkX2f6rtEjZinvsr,504,2.740538105833264e-06
513,QmPRW9YwjsJBBDLhU386ppArwMYVxsmfLGxTM6YWC6FpGX,200,2.73980210807532e-06
514,QmPX6gVH1WVFoosDVaGnT23ChKeaa2RfEt4S2AoNRdNvBz,200,2.738109709485175e-06
515,Qmd5uPiAdbm6EK4YwQV7eaNF3jnTXHhJLcSKbqFAdNPLUu,200,2.737775049654623e-06
516,QmSSBLPBoKjY9MYCcTSo8tmN7Qw3mehi7H2k59imm4Yz8D,200,2.7364334449149514e-06
517,QmdeUbFPCvvKDNCD4PdpYjQQc6ZvfkZBZuWvEARaHBEExo,200,2.7344064556761972e-06
518,QmZTzSM9ZoJqhRThQqTMqEmqFPmKd3iH8f88Hshf5hiJ2N,200,2.7325518687551843e-06
519,QmWXmPvNHSAD4v8vCNu7KCSPt7kYNjbyoiLjQLoHEV87yd,504,2.732210654548537e-06
520,Qmf1ypVKzBoWLv5HZPB8PYnRmF5L8gcUHUGDj7ohQHoXjM,200,2.7317272350369855e-06
521,QmfFpChBM2cPuDjwY2JD4sEVFUZtXvK7DjpYQ1LAV3on11,200,2.7317272350369855e-06
522,QmNM9o5zsRunMmQ16ijk4cvZzd8qBDS29aQDhQJsx2kqKw,200,2.7317124675492696e-06
523,QmP7EYNYBosFcRciaXh7wcYqt3EysPBTsieAfMZ5V8RJWo,200,2.7310149027396053e-06
524,Qmevjxk7xmoTGo5kbUbWMe6iPy9F9rGec7MqK2sh2hqtXd,504,2.73055305012349e-06
525,QmYqLioTgMQPQTNEayv3G5dmBYbabawruehKhZchTZMVFb,200,2.7301703658423515e-06
526,QmbZjmLRSvtbymxPj5tQTgH9GWWbrN8iLYiPMzWxfEghuc,504,2.730025675631411e-06
527,QmQRHCbqjgztzMRYsZZi6tT7aBtbP9q2yeGyLD724mVhfd,200,2.729932735461366e-06
528,QmcYbA838BPsojx2NSaP6MLTT7FA3JyUX7H1xkKVMkDH1N,200,2.729606565000937e-06
529,QmVdLmmufpqWpd3A6JjScrZ9QQ7WcwCSy1q5TCfUm3j6eY,200,2.729023442938796e-06
530,QmVENHwA5u1WtpKen8m8Zwnpj4W1ByJbueDeDGkcBUiKU3,504,2.728958742410457e-06
531,Qmc8hkNagFKgp3rj91p7UWkTvZwHXpsa9wpcxE4pomBpbb,504,2.7289450806701194e-06
532,QmdrbJjQTr2mitfurUkZnBAhyb5NeC2PJko1fm9GCFicAM,504,2.728727041003078e-06
533,QmTJcWHXsmnoCh7wuWWQZrxzyKwFGNb7js3eEeoDAPVvBR,200,2.728594084503453e-06
534,QmNMq61ssmRvmzjML4x72hjvK13So98MX7NDz4SBJFRoRv,504,2.7278173349341845e-06
535,QmYkpTM56bzmPYjpLNVUzMTHxHq4RrqWGwKiaGgzkSeZer,200,2.7269326428316416e-06
536,QmRZMbsZmc9mEfuQjU8mgvqnAea1ndddFWVivn4YtonQ1g,504,2.726854386812325e-06
537,QmQJGtTTVqxHBzRjLC3sH42wLTiM5bVorxBaraCWWUd2NL,504,2.726698380820307e-06
538,QmT6ER3kYNTARJahQ9gmt1Uemrso2kZDiL1gqi41TPSqpC,200,2.726698380820307e-06
539,QmaeZtvUDRnhrX3nqWnpspXNcTDHvNzTxtSNaVGpmUFrMt,200,2.726698380820307e-06
540,QmWMD1mgciU8Dp6WqtrpMUM77TGLBk4R6HmfDM9Jq3roFx,200,2.726698380820307e-06
541,QmRLZSt3qzKgSTm8x8WA57hFjwyjNtsL7wmfEZpM3dcDxh,200,2.726698380820307e-06
542,QmeaEKpjHMC2cHLW21HrZbQXN3yCHsfQUzQ6WgiAJMBoLb,200,2.726698380820307e-06
543,QmdoAPexfWYSCCh9WiNUWV8AhEyMdvKZxEwkmbPF1kD6QL,200,2.7266983808203067e-06
544,QmerT6g1bbBgb1b1Ju8z7kuv1zPTxBxQNCuTmCxQN7aFCV,200,2.7248237691875164e-06
545,QmVffRjDfXkqGauCNsbytR3Kq1bnc3UyVWawELHtpM1HYf,200,2.7247356293854575e-06
546,QmQh84i9nXgY95YW87MrZmCfGDytvEEUBbLHgaQJ8P3GJR,504,2.724656470576253e-06
547,QmUsw1nmHJPRdWz9Tm7Dc79HdZk3fbsmU7PWuyCuFtiKcK,200,2.723075902375217e-06
548,QmaRixcn3BwgQ8XT24NdpjfZMvvdH89idveNATEt5jNpiy,200,2.7228142695514985e-06
549,QmbP5uu3py1dhaxeB28LCSyGFFQGdctM4Brgy7giac1R63,200,2.7226285262413924e-06
550,QmYqoaGgLAtYJ2UzhuxJAfARWfK25JtEnScC9R8peUuzzn,200,2.722297427262999e-06
551,QmSuBjanqWZMt3FYxT68hdYd6eZMM45zdjoDaSQSYNPvLz,200,2.722261228257105e-06
552,QmQxwtz2EmBy5ZpeLjzy1dfnrtTerXWpTL1cfqqNv8areu,200,2.7220851391493215e-06
553,QmTPtuvMFnDv2fGRQrRUgBds6nGHAbve86hz1dgTf7ojvG,200,2.7211219261316317e-06
554,QmTSBJVYhb65CR7s4HBdZY8tcp1Dkz2PaNTx1D43NUAMBB,200,2.719357901239753e-06
555,QmSota9Af37wY3c8c5aiHYsP9XXGjXrzdG4zEAkyuDamQP,200,2.7157863784792536e-06
556,QmSwzGt3MWszojn6m7H9Ceyg8obuqQNJ7AMWVLadQQz9xS,504,2.7153045443152767e-06
557,QmXgQtXtrxBfPPHuoi8KmwiMvpex8ThcFTCGmaAKT2Y4zL,504,2.715091406915158e-06
558,QmarCDWYU7Dy7WGky1ZfToNfHngBQLG1vJMnD4ZKhgDx8y,504,2.7148084281790576e-06
559,QmeK7EqFVrPL2wj4XXQtzwS7EpBts1A1HR9KNVCVVKLMVt,200,2.7117166491676417e-06
560,QmWK5UxmDq62eCyzYpoTeDbD2acvDy9ouRetMn2yN4r4nP,200,2.7116144428679764e-06
561,QmRxKXBS9Y9CPZudR9WJPQPqQaPeSzFDip4zPrJUAxcXWE,200,2.7114551218033103e-06
562,QmeZWNCKhdTMXaCax65b2gervooMMieJNQKvdUw5FrVQHh,200,2.708582499208131e-06
563,QmQBGnKCAXqA4Mvyh6oYJqqJjgmR5ghWY8b2gS1EbeaWiB,200,2.7083095603034956e-06
564,Qmc39Lph3VXHQ97fWWy6nN1xFnQ6ouHKpc3zyAmCSCgt4S,504,2.707253280746916e-06
565,QmXQ4uTecKEtnF2a4NSmWMzkkw2p4weqfCQ8ouwWpKUVHH,200,2.7058771014582893e-06
566,QmaSgBvYE8LkWKNpSq2cAeFbybNR91ChY8KhDDkkcJP6s3,200,2.705115771223815e-06
567,Qmc5ma6t3rU842U3Aw3ZXazktmDFgcJBdCmTEdTA2invJ8,200,2.704248724563458e-06
568,QmRJXcAebA4S1v8iXQ8YuNeD3yheL889S23SwLL7BZpnWj,200,2.704232507218235e-06
569,QmR8Bsa3JLaxrAMDYWMrDyYgpYCvbduDsd8DLnX9t25XoE,504,2.7033921830000143e-06
570,QmRjEyA1iT6vgzUGtuDX6BzskyFMHnCCb98XvjUDDcQjAW,504,2.701111598216697e-06
571,QmWHbEWomGDsvkhVDBbMnHk4vNDJz6vNZeKyfwz5KgD88F,200,2.7007198218137294e-06
572,QmbLndabkXZe8emvzL2fsXDEVqDmow7RjKZta9ZTK27sfE,200,2.7003367648131632e-06
573,QmZC5XwswSEbuEuzagx5gCCqBdX94i7PoRf31WQZcUYaHN,200,2.699535658062892e-06
574,QmWUYWa1hJQea64x2SdD2FiNE9x9iAYh3kHjf5vXGCpm81,200,2.698983212544302e-06
575,QmZh3fNNtqS7naHiaVNqPUMyXGxeafT1krGPNmd6TLPWGH,200,2.6985633227566334e-06
576,QmYPvHWPdNRhq7GudGM6rDDYyCtuQ212d6Zv5kkUgSoqWy,200,2.6968635969663333e-06
577,QmSGBYrydEwSDjs8DH1s9fZpVthbpViCAPCgySRgUUNkKY,200,2.694755332456992e-06
578,QmNxqBgzd2yK2FPJhfjiDsfnLvuW9Xx4vHa9tAoxZjuqLq,200,2.694508274988296e-06
579,QmbbsaGTW4KVzAwu4MWvvTwbyYjm6PKWYt4V8jDpFXh5jt,200,2.6943244664255695e-06
580,QmPNW2mwNyTDNwYHN9jyxk189SnM1BVpqVAMbcW6ovsSWJ,200,2.693851588001103e-06
581,QmQsf16SrDi8JYJkoN84C5LTbw5z5zWD6tr7iYtaXsWvrC,200,2.692046411516187e-06
582,QmXLVjQTSVnLG8fi8jhLG4Wbh7b5fSPPrrjGBCkJ3g4164,504,2.6913044918377857e-06
583,QmZc3tFvK6gWcEbiyZ68GTfoh1trpHFJ2LStpeXTscr9RD,200,2.691241236483214e-06
584,QmVtwL7qBUarScfKfMnZ67KL9pbeJYLuMBXTf6iEZUULWQ,504,2.689214682830159e-06
585,QmZQPPC5QiHsejuYQyoVPu9YkE7LjyE8MjJo2NqZWbW96r,504,2.6885844859103164e-06
586,QmQDquiSjhscJTP3wXrB7UcpoaTgoPcqCM11y87qUCccU5,200,2.6874639576332746e-06
587,QmVJWbjDyivyGT8LQxaY52cHbo4baRuiNYyCdjUA3DsWmq,200,2.6871054745177567e-06
588,QmdEkCZeNK2BSBUznsicF4v4J8BzdQ2B8DAFSEJXYGG6ZB,504,2.686528553650016e-06
589,QmSEeusuFUQiU8FnuvgH2CHoQc4pcusn9czB1cGeDuw4J1,200,2.6864895065851213e-06
590,QmTxjDd3bBD51YPTyXT1UTjTMduKvEt9cSpL9gGuNDejfS,200,2.6861665232741583e-06
591,QmYx9t5z6cyRqpZ9eZmTkSAJZGgj57CLETQ7W4hkX5HkMp,200,2.6855639037862903e-06
592,QmYsP6y1MH4u5EA2P3y7Nm11a2rz3okr556WHN7Qnio1GX,200,2.683378860114396e-06
593,QmditWPzGnJPtAPWhMVJ7PcV3pzfJF2JAjahnCFvJ2FZk3,200,2.680589382483543e-06
594,QmUeMvqaXgWYuuzZEexsg3FC4nJh8ZLKQhKDV18E8EkpHW,200,2.679280025950308e-06
595,QmSYuJ4kmYtkrf5A3mrMAU4uB5T4ENGYHpEUfD6CTkNMoT,200,2.679146450345325e-06
596,QmXYGxodPEpT5jCHXjXaaMfAaWsDnVtSb4uZpGqn7FMcG9,200,2.6785814570644203e-06
597,QmU65t29YhPgUoA6mbSrUFv3qbqWo4aTkRBnnEjmwRo3Ss,200,2.678124538736531e-06
598,QmctnZQZVyaXTCe33Ht8nTwBoYYF5nbTq4yHacMRzXuxqs,200,2.676753538909182e-06
599,QmUDdZXuGziaY6AGU7nGn6PayqhbXYAxxZsnhuZUMmoNJZ,200,2.676386261861506e-06
600,QmSmPoPxmWLgZ9SwuU7HDsTVZWAbZcfUgTPNiVHqrMbmQs,200,2.674339342002684e-06
601,QmQxDx1K2bd3DrSXvr41b8pE4PYCK9S15kKYqESJeNaTum,200,2.6739989672724108e-06
602,QmVWvdKDMFvVtN9h7rw7KYkCk9omwNMBhd7iNeWKgeCZfz,504,2.6735843649220828e-06
603,QmYwmYLXB3stxyRgoNCm461tD3DKx758kuSEbcjNz4uBdY,504,2.673530302612473e-06
604,Qmbn51dXoZzMRMqrAaj5sMCPtYQKM8jr63ASrSJ4A88YaR,200,2.673445050889986e-06
605,Qma8osiLPQ5Gu56BbGMQgie2i8QMuVeCkemaHqw3mm173E,200,2.6732618287727616e-06
606,QmV9TeQtNkWC8eFQgxZW1rj31P8ffiQ17ZhexJRGUCPVG1,200,2.6721436403379176e-06
607,QmY4pWWZGppkBvSuyyCmi7rEiEnbJDEvrhLQq2VRVJ7meT,504,2.6718056131405993e-06
608,QmYzs4ZSCgZj6kh6E6jEpViZdV5vhyfo9SpEdUszXTRjMZ,200,2.671089560893205e-06
609,QmdegMQoCY4Mp2cKp8WD112qnQWhZqRJkq6o311gcQ9TNF,504,2.670732228662511e-06
610,QmW4L4S4KE95kT6gq9oHw8CH7gWtqvFGScv143DobepaNA,200,2.6703796312022823e-06
611,QmSaZWijBsMCoDmch21SPmHixPsaYzqsNRkSuhTiBL77DZ,200,2.669034340523486e-06
612,QmZ7bJzgFiTf8PA5zrdeKq5pzfBR1LvstrYXFe426ej32P,200,2.668969330002067e-06
613,QmQtpYtGWEVRU7QgLYLTKmmcxr2iQgn6gQP4hw8qh65DhZ,504,2.668420637174542e-06
614,QmTqNEst4U4VzNCZui3SjMVDrVEHB4BE82f71LZGLJJcBf,200,2.6682375840065405e-06
615,QmTvwhiC7o2M5qrb1adPfxAC8eMPbAtxdRkMDCVFQvu13Z,200,2.667982018316825e-06
616,QmRonUEDXr6iVhP2V1nLV2YVEyPZpHcLPSkQSq7uwdA4Qo,200,2.6674390750308583e-06
617,QmZvs2Y9QihjBmdCb2fgj3Kv13xJZL4jPcjq2qoqnYQ3nX,200,2.6673943694708625e-06
618,QmRyYkTmjurLog5bQrzRR9rRk8mrzmuCKwjWj33Tr3b3sp,504,2.6662604078595193e-06
619,Qmc1LLw1m8CjgdjSKkZWSfpjmPiFV4JAFQLNV5Lra68Q8z,200,2.6662450594766285e-06
620,QmcnaVuXY9y5UgCD9MBES8XXP2ZBQEi4E3KJqdfxKcbuwy,200,2.6656083617267218e-06
621,QmawSdzQcysBUu6yxa12fX4766CD6Fb8W1Y3dP1n1gudj1,200,2.665584032699663e-06
622,QmdHUGD21b1WdmN7SgrPPYJfrWChxjUvraGxToK1etXuhG,200,2.6655099556884814e-06
623,QmdWp7gEHS6X2WZmXgpxNXHaWRw3NHjtHUC8btjMJdBMMU,200,2.6652103695583206e-06
624,QmdSsVffG4No6HtyKv6g1pG6XuK2eyDiXq82uZFn8YNupG,200,2.665144341110513e-06
625,QmYdEiUUDA4JYni9M1r5Ko3fK4kMTSaKzoqGsR8SUhBJeR,200,2.6650376314250794e-06
626,QmaqYupvwuKrbTJ4zBJEKxTgjqAV11pzLuWK8mrFsowYPM,200,2.6648372552400432e-06
627,QmYdR7wN9dqBRmmkpwwLF8xioHrWP3wmNzsqoACTnC76ZA,200,2.66452892797955e-06
628,QmRQm7egi6z46tMiTapmHpGWdRnkfzzL7BepLLZm5bWWJ1,504,2.6645289279795496e-06
629,QmU91HCKbThttYkiPc8ffjoF799QCBQTALiZDDLuEabEG5,200,2.664505040769659e-06
630,QmcS43K2MqXjaBhrAJo9knKjUNhCoPM9YriaUzpkc4WBp4,200,2.6643389195320336e-06
631,QmVRz4nFHWfAXqBSQwZZRaSKFs6f3yZcWdh8Kpqkc7XZTx,504,2.664338881181792e-06
632,QmTfeHh5vr63mqqvkG8KzVC1ULGswtmZmVt6497zdmJtVs,504,2.6641970224044687e-06
633,QmSZ3oFY6LZESH4vyk9nNetycK3uQugWRjy6KgdAWj3rNT,504,2.6641133154338572e-06
634,QmRXAuqg4uyRWcNyAm57BDwsGAjQeB1xeVppkC47LdtngD,200,2.663552865705629e-06
635,QmXdh7FZJXV4u9vYAqFCk14pfQArZqwhWkzCf1ZhZ6Jf8A,200,2.662742068818679e-06
636,QmZXqH4wG5pwvX9ikdt2jwnNnP5uay4JrX72YztitXuYaZ,200,2.662581577134417e-06
637,QmYHaGgJNenRYa9U3qPfhqJV4rPPrhhQnXfzePxooymK4d,200,2.662462139694607e-06
638,QmUsgRaEfGN1zato3cd8hNYUesQugFBAauR4p4fN9fwP8o,200,2.6622780542718164e-06
639,QmdXBSLpSRuEGZTN1NLV6UTLnqZmQ1o3wF6cNQ4wXewmS1,200,2.6622780542718164e-06
640,QmfDtKsqg1KeTKD7phvgVo1cykW8uE4eQ2zWVHoZKzTht3,504,2.6622780542718164e-06
641,QmSj8NJCv1A8pdVEnuy3haBuXGjMDnFzRijQ1YNrzYdoju,200,2.6622780542718164e-06
642,QmXbtaKNagKAoKzNMeuQeA6ySK1i3uR5qJdaGk1i6RSq5F,200,2.6622780542718164e-06
643,QmNcrbB6NAuWuoTteCNi5wwSXV6pjufNE5mu8RB2K4Wa4m,200,2.6622780542718164e-06
644,QmRmwoQHdbeubC2e3vSQkoosDoGzL3WwbefLAqiL4KNCff,200,2.6621386181716237e-06
645,QmVPp5MvZxZvfYUvDeWhLp8pVh1okX16jfEJ9nEs54ngxM,504,2.6619505520308323e-06
646,QmUyARxWHY8zvjzrcz2oL1F227LrMfXYbYHp6RYLqcA21F,504,2.6619505520308323e-06
647,QmdW7fc1TwTT4rWtvKh5oswMP8pbQci3Kt2wr5dUAbxeTm,200,2.6619505520308323e-06
648,QmVKQqg24HNYtq26K4PV2gAqi4zJcwBTjtdNmepDDsSvwt,200,2.6619505520308323e-06
649,QmVgAwNNdM8u9wWeZJ8pYjVSmjjmf9z49nWL7eVgdwPLom,504,2.6619505520308323e-06
650,QmSE9EiMhwwjwxPcbB1mzVYZGi7VxsTXicmkaFBZhEAVp7,504,2.6619505520308323e-06
651,QmZwhk3yPYwH5SV3jZkRtfMJkoKNoN9RrjoH3uZtbCf6ne,504,2.6619505520308323e-06
652,QmW5DaKMuuRpU2mQt9WY4JM2FgBggc1y8AYdp9JKYdYoRJ,504,2.6619505520308323e-06
653,QmdmRmHE8eLhJtEsAk22G1U2y9DxQGWxGfKcLptzCQ4boT,200,2.6619505520308323e-06
654,QmRN5XinoitZbXrBKiqhiENupcACBy1zmwRmfMuebt3m4W,200,2.6619505520308323e-06
655,QmZT1z3ARwnZX5aDyJ1Y2TyHrChQuWHMJ7LgvWRBw2h5hu,200,2.661117465421841e-06
656,QmQfhWFsxQQroumX3gmTawStRxLvf1SawuqXR2dNiyGTqK,200,2.6602868954669216e-06
657,QmbLBdk1xhuezhouTU6zbuE7GRErGbKyQp1wQZuVyJjkBf,200,2.660058588583769e-06
658,QmPpNaqfb6yJ8GAyr7XnPk6YMpquVFBYAA7TTDuv38vJjv,200,2.6595655095669323e-06
659,QmQHPjzjXQERA7rHEn3aatwx7TByUy3siNve7C5CGU2xKw,200,2.6592872938711963e-06
660,QmW2XgUt8vDGdzkhTFPYcdH7vsXzSoAVNqCK1CGZrYcxxr,200,2.6592246861465467e-06
661,QmTMMNdo2FQ5Npw9av6YL4uYRVJhL4sn6f3schnGSX8QwP,200,2.6592072138766936e-06
662,QmRySmJ11PrHUD2UKxtE44wir9HyrWpDJVTmuYTKNgtwhW,200,2.657009629773746e-06
663,QmcZcXzwqXo5HX2kEXbpoDpqQCiGNemwRvvbobsh6opyca,200,2.6565266792379525e-06
664,QmSpDFnJDYYEXZhabFyu3QGRK9rPuoDa3it37tDb5WPyBk,200,2.6563831606149307e-06
665,QmSmAQd9iudgEzqN2intm5vmpk6fmTbmZG7viXJDs63GHt,200,2.655696563490333e-06
666,QmdQQAXBWeJFRVjjXZNVUmVdePY8mn9w7fPrHWQJLnjm6y,504,2.6555788429448586e-06
667,QmVsfCrjqxog9SJ8sHudS3TxLCDXNkHFpozrL6qUXWsthv,504,2.6553612189672347e-06
668,QmPp1ELkyhKdA4yTD2enZEdSvT8xdkMfA1a8q8H7vjLgnk,200,2.6552918174767924e-06
669,QmXxz7xEhKHoNyEEigeRq85GyUgMBvS9cVsgQYVfHtAwn1,200,2.6543801609141882e-06
670,QmVA8dzBRR59j9KKSJNSjLoEWGxHAqynENaVx2RGxqDAKV,200,2.6538386560449003e-06
671,QmU8FQpcoCDEvFSJFSkbp7iCq1cFwNpMwnQS3qPpewDdPs,200,2.6537376231813043e-06
672,QmQUoNZnwYtDnp67QYLhdVk5vpZRFnRjqAQrpnqFN9ftyX,200,2.6536453841325354e-06
673,QmaSAErhWnC7Z6DkCHQ5DCrXH4M6p3JwqHiTof7fGBspih,504,2.653583904129328e-06
674,QmaRM3VFs8PXFzrF5dDG6LovpcJkmTJGSYk8wn16ToV7c2,200,2.6535618606062664e-06
675,QmZy5WEbM6QbSY4xJM7hMdXjsBKkme62AUNtqpqxazD2PF,200,2.653353363069794e-06
676,QmbTiPqodp3mWmX9aBowAyM4D4zme3ZfrNgY4pVX8op7ot,200,2.653231222612264e-06
677,QmTJk7aCKqgE7mVfGnMH79G8KPGV9o2ZHMUz2xq16pXRXQ,200,2.6518695282818667e-06
678,QmasBo8zfNMqeWooNczs5JU3q47ZycZqgvu2gJYiZmVWa5,200,2.650828507758502e-06
679,QmSmdmb1hYLqgVChYwKaa4nu1KNuphh5zc9PUVWVHyv6ua,504,2.6506705122705813e-06
680,QmadMNskRhZRPvXwmwiZqwu3REVFfcQcgeA47qQGVyNxe8,504,2.650452384037375e-06
681,QmWQZnGNmgzaqLvTWpKZhqJHZRg8SdFq4sA47ckDvy4vuB,200,2.649118100407519e-06
682,QmXCXSC1f8QtvdtNZgHPVrpmsBQm8Y8u28RYd2CRysxwbp,200,2.648946774754729e-06
683,QmZ7F8wcy3tjS96FubGsLGAA8GWKoSSuzpEKw2YnWt9XLX,504,2.6486531656698434e-06
684,QmdZZLz8PLE75yp7z2tyY9yyVTEXSugSTdsfSjhDtkVABh,200,2.648118923138346e-06
685,QmW6sf8JJe1oGxf7Tvfcm6TZykEeZmqYLQ1wcHeEeH8FD6,200,2.64777403370859e-06
686,QmdCt3A3xNqLUvvhMWx8WAbqzJn3UxvT4stUsn49ZUVWrG,200,2.647603077356757e-06
687,QmbsK4dWGbHzoFAkL58urde8PrbnprnwmkPCLBzro8vVA4,200,2.6473279030647063e-06
688,QmQW1j2VNs4ebbB9zNf5GFfgyLmtq1TEMNn3eD4DK7JwsK,200,2.645414155880083e-06
689,QmQFRwKyNNhxT9AicAJaH3UTbG1K798w3rxW3SA37DgS3H,200,2.6453488405532608e-06
690,QmWVoUE6tUV7oa1ahXonVFz7tLbXR5EhXfYmXGK5jp5A3r,200,2.645175065214936e-06
691,QmWfFt3J3R2pys23tG3u9ihpBHFtYuV685eeoLYUQYWmzF,200,2.644943963447947e-06
692,QmTnL5gREAuGFurRz2dEKqQvVE5gSynHNK7vXNbakTobXM,504,2.6445506326037097e-06
693,QmY6DS9MmQg6nv1GmRjYUEsy4GdP1mDYyNmyLy4H19m7AB,200,2.6439515334159235e-06
694,QmXwCJANHhHBXhoEYaH6hnAoL62do7xBXfrC8rSDjaALWN,504,2.643393318560398e-06
695,QmZ54917Lcy4bru8n2cCQDsTsLEXeUE7RJmN32Sj4o42i5,200,2.6433177153841423e-06
696,QmNYJLv3g2vBU2BnT3s7XgEbMd92d6DTUcoVZiimquSyTm,200,2.643136365180816e-06
697,QmRs5wFbQpuNgaAxvYJbzbzZEq58mUna1qYruJgmaGwoLV,504,2.6430882500777768e-06
698,QmQWbF5APf4QF3kPsPoQm5LwmhhmMQQteWBYiAQLEKoAiv,504,2.6430007221375364e-06
699,QmTrPAFwmy2Gr6JoWMAWyC5oTWVYAtgWnCZenY6fhrE2vY,200,2.6429463183830586e-06
700,QmdVZMirHQy2nGXNHZYhMA5BF2NTeR7JgNfbMYSPwXrTBE,504,2.6429463183830586e-06
701,QmVKFxZKHVw6yaJmbbirL2Jq3yXcZf1S3Ak91HVo7yhtsz,200,2.6426981158524164e-06
702,QmRwZvei9atqec2AcFTcS7oKnBPaTdpjkuLsqBvsSvzEWx,504,2.642566224787543e-06
703,QmcicLX5wZRjpNwFHRdM4qciDWtRS39jSYmvZA6EDGpDmq,200,2.6425654857262735e-06
704,QmfGtDCfE92YcZQJDHUnmdDHHXQCmKTXDXCmfiVJWwasrL,504,2.642063563123585e-06
705,QmSVtCjkDbRJZDPa8NiPgnHH4gCHrcwy8gcZe4TCBZpDW4,200,2.6411901310409944e-06
706,QmSaSaEf8sqWzP9DT5v8aZDKwyZ2jJdFraE9BdYN9L3X4x,200,2.6411283146011397e-06
707,QmdnNEXftEFBwSRgi9rrEJmgwKAw4Ybbc2Fju36QNso5n4,200,2.6410251537591358e-06
708,QmQHf1nc4dpqRWnBWTjNgmNn4ug4L5SyHEA45D3LSAfwty,200,2.6407811139016604e-06
709,QmSQqucSM5WS745hNARuvyGeQHuQP8shiCYnstpABatLSX,200,2.6402672552245644e-06
710,QmTt7LEL4UnUo7r9R7DrFm4jjabcja87pbAaJpLAF1naRf,504,2.640087191024169e-06
711,QmdFVZSP3CiqQ5mr9tnA1eWhzpSVNhdhf4CkgnGNHrcNgK,200,2.639863088440702e-06
712,QmbGHNXgBpHg5ZATa7656qagYyedQvXqQkc9g9vUNctfgv,200,2.6395745177377364e-06
713,QmPpAfTMjouknLQYZjUe5BPFPgnxHFfrxUQQzS3u4t11H9,504,2.639135559531239e-06
714,QmQeF3gJqVnrTeCeP5TtRV6uihHa1nNzcCR4fmJGsCMTmn,200,2.638581929359546e-06
715,QmaXa6wjRAj1CjsPNZRXc9NoA3kTeuHFoaAftmdFPKUj95,200,2.638174629976784e-06
716,QmfCYkNQKQUcL2nzxePL1bLNb6py5gNZ8XoTi6gqLJiLcH,200,2.6374051292999227e-06
717,QmSRgEveT4UHmHFvP1KGnkfq8vFNhH8ncMGFTLx1uumT9p,200,2.6363541075483377e-06
718,QmfWYLPBQREzVJChU7kT2WTU5nasN44xa8rXHockR5Ff2R,200,2.6353923462669723e-06
719,Qmef1Qr68oVHzDcptAufSXzwdru5Ndm51RKMFyEgwkkuzB,200,2.634943007888921e-06
720,QmbLPFPQ8MBL2ttdZBg9caL5aXbsyk8Q8HzN737AZ7jME1,504,2.634676209418674e-06
721,QmRQQ9jwD3eVDGCVUofFBEKUh1XgAbRG9hHSmhzMPA1EY7,200,2.634313274544462e-06
722,QmbHnwQ7cEUuGFkVK9B6oxq7JrySLhcR8WrNgrMKXBXetf,200,2.6334121240281456e-06
723,Qmc8fnwtEBq8F3aU9qt38SMyu5xsxiT9ftKX2x8A3kAWix,504,2.632388256243027e-06
724,QmZ1NQvVmHxwyaHg66rQV5kRViXYXqZvqCChU6ZhCvGtGt,200,2.6317526900076183e-06
725,QmULgqNKWVmDN3fDGtuLS2E4kvr69YqvRiwnFgQ86ZQqng,200,2.6314088184523964e-06
726,QmTSQ7ETwR9R9cdqDdYJM6dcvK5XFTdFLgqD4osvtMVTMF,200,2.63094130664424e-06
727,QmTyiktBYatkbNutMLfLxz3jhDBiQpVcK229i4YxPz7HtN,504,2.630934543794328e-06
728,Qmao4bL1muoSxoUqH3FuqB4AXG4f5DoHzxGP3tMEBym9H5,200,2.630613398613635e-06
729,QmPdahxuorc4H7cdjdLiQYjkd1tAr1tzqtmz32W3KvDxyR,200,2.629441979538798e-06
730,QmWSJbjrcscwNau9CsTtoYBEsodMc3JFpj5Ka2RRZM6zMw,200,2.6287303025875414e-06
731,QmVQBnA5idxVJPucnAYGN7oYvbvFWCgSZwSA79pSEwhioQ,504,2.6278635859716647e-06
732,QmcACtbgkyche3SYXhnv4XrpGGAuquo3iB92sENjeZetQE,200,2.6278439766021912e-06
733,QmbcdkZmM3dYMUjuPwFCPUvqG8K3J6abctyTGoR24q4BHA,200,2.6277666219626974e-06
734,QmakABYoxKkEed4zz4V6fovgQ1wcoEoYrcpadFodmVBw1X,504,2.6273850466707525e-06
735,QmaVYvDuEiLwpBDqkouGEdmpGYH1WS8FzsEbKj7VfQWm4f,504,2.626735056645165e-06
736,QmY4eJECNbneVTCXzg8xyhN9BfWgS1ggwnzZq7n7ZBjjwE,200,2.6266126362489337e-06
737,Qmf4PK2kASLGaZ6My5oAUiN9EpmdH8t3XWS2YrjAYLS4Vy,200,2.6263925630032456e-06
738,QmZgNyqq3V9CydWy5H2qtChRZLgcG1Muiu1JnfQKdVDuY4,200,2.62442727402058e-06
739,QmTM5NEQY1wFdApZQLTZHGDCMRB2Zp2RsUcWtxEaR1kc72,200,2.6244048884131972e-06
740,QmenfzwGoKerEqCaNyjaiYUxGgURRFJFiXtYenGeXrVPax,200,2.6240382564070833e-06
741,Qma6QN5cf9uDfqvS4TgXDfTRWMfMKKSkG9fhS43Bwo3Vc3,200,2.623922100741979e-06
742,QmaMHLHsBqttZ4x8X7fToeqzmsBWXKoXLcXQFQwJt3gdWn,504,2.6239164158085712e-06
743,QmVrt8Z5dWM6n9rymDeV8WuwpUyPPnCUMt6LZwE8oC8EwW,200,2.622958388579508e-06
744,QmPeTZ6nTVWw2jhnHRhforYwP7h3NUG4iTeoPTsAQQ2oGt,200,2.622334062465941e-06
745,QmQtWfkihnmAH8Qz64LWHJsXRFbnYWgDHuVjkhLhUKEwF7,200,2.622333912698045e-06
746,QmYeVcrSTpuPbuWmEaZML6S86GZhtUDiurnSW2K2yh6PJM,200,2.621363708786567e-06
747,QmaQPcQ8YPnJr79NDmmS8ji3diBaaWAyQyrcBjytefugZc,504,2.6213637087865667e-06
748,QmUZ21MpU8hznFAVStdtMdjw361MQkH71RtDwTjXZX1VyC,200,2.6213637087865667e-06
749,QmWoiH9PBP3TheDmUms43aT7GXuzS8vNJfqq2dJBMAVkZV,200,2.6213637087865667e-06
750,QmbJ5kxFJ1KotPKtZZXNKJtj6dyjyh4EZGwM3JofQVDfhb,200,2.6213637087865667e-06
751,QmXsDfJtVN3myvf3BVyMHsML6weMyJs1LWgdRuMZpiafZY,200,2.6213637087865667e-06
752,QmaKQAq3UWBkJYV12AUiHaicijGr6rxcck6qG3y37gBvnC,200,2.6213637087865667e-06
753,QmQq5q9u9F57mwF4ywAK1BgU5RSYqriDTvEPq54eRP43jt,200,2.6213637087865667e-06
754,QmbwkR8foPVEspt46xJoWcbk1zsNhBQSTUDcX51xuGvdya,200,2.6201469409422036e-06
755,QmPCxCdx1aw9tw4UFS3FJjNNBY8BpKYcv7eTRVCWCmPfUx,504,2.619460480431988e-06
756,QmQ5g12e5bt4bQvfEcEmFnhNmSTkLjT5G6X6fxMyGqW3zC,200,2.617924993851967e-06
757,QmPCmFUn67DzQopu9HxuBRKwWBkiCa8E9BqSBkpy3SabDs,200,2.6177203303997045e-06
758,QmWHMF1crXvvCVJ92wZHjf6qV4z8bXH9uh1NC3c43gvvnX,200,2.616489739308465e-06
759,QmcFPAFzVkX2hjYkSDaGR8Z9wJbzWXvDWhr2E18PgJPqwb,504,2.6163348545698883e-06
760,QmNxALzquW13aNgbBxjMUijzoLAxDs3TbBVW4bbFhYCMEC,504,2.6163348545698883e-06
761,QmagNj3Lhn8z14SAgrkXy4VpGK2sQuRvExTjdZGxvPndDE,504,2.615743634584014e-06
762,QmQEuZUA3hjvK4PGxkWfFRf7ApZzrSouiy4y7ctPo7xXKc,200,2.6154757459092325e-06
763,QmQF5aMfU8ospEzk9r6TiSwLfgMm512yFMcA8uTWDZvPP2,200,2.6142764458930392e-06
764,QmdGWSrhb1F2Einxi5suLyq542SYs9DxrT4cKF5Poz1Fms,200,2.6142622416532884e-06
765,QmNjhxTWfSBDqaT2J1ExZMxbh7kPj6fGLEhKFAK13kjv9x,200,2.613758640260089e-06
766,QmdxFtNQCX7D9k5QNMRQ5h4WtaayXzkGVfMFMJEUwUg8sb,200,2.6134885262209512e-06
767,QmWMJMbUQN2YaY1nVfhmr55eaoQZp6e1rJL8BC3nGodYqH,200,2.612405613456153e-06
768,QmUifc5ntPa6oZKoG3ca2tmi9y9866DrEeMDmM3W2hfEVi,504,2.6121239747961833e-06
769,QmX3xjceiVXBqu3784a4VUum9RhnDRDpQdaAZrTL64ja8H,200,2.6107624507860783e-06
770,QmaBSjH4VTNf579XkdC9jcdwBJco2BTXyBJdXCxjcgPfBZ,200,2.6107289156822124e-06
771,QmcJD7ougjGyzi3MrQY8xhhJy7hP8tPracsfnSFmdXDrBK,200,2.610584277926092e-06
772,QmaZUQ3VJ3rpY3k6h77rrFFsrw3qounC41emSW8s2xgSq8,504,2.6100491478159393e-06
773,QmeyeSQf3vWrtupESegpebFZiDLeB5UKWXjagk77KKjtr9,504,2.6100460077848397e-06
774,Qmcbz9AAKJG6gFA6ME8dSv5wPBv7AuNKqGyzRsW8vBc1Yh,200,2.610021118464249e-06
775,QmV2PxiFgFecNLD8b3hYEtd3WQmSgckscbqx45FdfWFn7q,200,2.6099946717938323e-06
776,QmNMknbsGsdQv7GcmyweTMZZmNXTtho63U4SeVGvFSzyWH,504,2.6099389384485673e-06
777,QmUurStTQ5E9KAK33N8niz1JJPgW2MyJ2ZFqty3LyyRW5A,504,2.609856478321406e-06
778,QmavpxwY1YovryK7myg1eXro86wvpvmBHpDXibTKgBDofL,200,2.6088639568869424e-06
779,QmQ9PSrDyuRXuLHpLsXquBvNNhkEnKtaTaWo93WQ4Pp4Ko,200,2.6088104099822832e-06
780,QmWEjvxLiAbe37KbWv6cE1XTB1iUfiGnrU2ErcXWDixHEa,504,2.6081349632444215e-06
781,QmdLSSRPoZBx4XYocESQVWxvXR6QR2N26sSwXYvk45Pc6E,200,2.6076286248445396e-06
782,QmZqJT2nSbEoHCXByCbC6pgtA1z8XENc7FtZPNMzcxWAyw,200,2.6050264395439717e-06
783,QmeC1AGPDnYWJxCd8Xm4z3dkcFRaBayRQAskYjauq84XWg,504,2.603771742334538e-06
784,QmUAS3RAFnvscrRrno2GcfvTB9eF9fkYsQsBrfkQNtrrSb,200,2.6037509193538128e-06
785,QmZZx6kUgNXK4oyQGBsjUahRDvfdNDuj8ULsVUBY5sKRQx,200,2.6036865655830234e-06
786,QmNfY4SYXhDcxGvsYiLfHi3wx5EtVRBBtyq5C1e7dLQAJN,200,2.6021596050142917e-06
787,QmexMTcThtv9GLRvugtAMXw5TctkE2YkWHjPkbs7R7kXMN,200,2.6015419588963815e-06
788,QmUUoM69XVCBLJNd6YST48w9Y6wVi2bJH3TZprupuqWnFS,200,2.6009805015051074e-06
789,QmdFJRjNBACbMZCEmVa2JwYTKtwyrzxScS45WHprDidRHw,200,2.5997810991900753e-06
790,QmQkgws6vWvxrtCXmQbLzGrpZszZzWrkc2drTMdKpRHewi,200,2.5997810991900753e-06
791,QmXV4m3DwSvAbbVimohaPU8LUqjVbKCbPHn6keA6BnUNaS,200,2.5992347040104174e-06
792,QmRD2TEeNkWYnaZQ9tz1eJLwUm6rFmZ5eexS5kPHQD4p25,504,2.5992073811490215e-06
793,QmUq2UCW3N7qF63uTgwHAfUVwGThopbLnNyeNUjRQagJES,200,2.5989509988209794e-06
794,QmTYeP7JvLToVQe5Y1fnKKRN5JtoPM5z49aCRMcEvDNMzC,200,2.5982569216927396e-06
795,QmRXkB8EAMF2Zdve7DuJLFv6d4ftz1zTwaTzNJoLs5rM4s,200,2.5972064620788573e-06
796,QmWgAzHmPyZ7BeycBXaZwFE2hkPmATLCYmnug1f8yVwmA9,200,2.5971366062451924e-06
797,QmcifpeTAyyfm3bJZt8yYTUgPPRMJARkf8CNV3N6ch2HrH,200,2.5970343462618104e-06
798,QmcBeCKB8u2eBsFgEf3NsRyHm1DKd2Npq1gKa2CL3yJ9N7,200,2.5961233627043844e-06
799,QmZL9NXmbgmGmvyZ5DHoQ6uRH5op9gutASgvXrqa273okw,200,2.5960587364449268e-06
800,QmUHFz9XU7YhBXdUYLA6vUBSygJ3zo5tEaxYm26gA66qgM,200,2.596038229641205e-06
801,QmRPeD8K94sYk4RB8bicQH7yEXcdygvY8Yhh3q2BTmkjfL,200,2.5959104794977166e-06
802,QmZ4EW4AQrnMmuJZXwY8u53hfbaG315RH7B3GewDKLWL2n,200,2.59590871690809e-06
803,QmPMNUimkj7PHQEPcsYXHUmvKMXVJHETHLAKEEzAnnECKs,200,2.5955254338723107e-06
804,QmSiCcNAe3mTmKMCehPPPPLfYLeUiMyBJvryge58XSEg8F,504,2.595383936452734e-06
805,QmdWVgaowh83X6VWw9WXxx95YYcNmmpXG9qaapMMxvEkDb,504,2.5953502255223275e-06
806,QmPctQhKthhjTus21JND8J9r1cuoTBfWbD6gcdorNRH7Cq,200,2.5951562542765415e-06
807,QmXeyVaVpTCUYuVVUikWyLJQnSWxa6o4vAb6RmWXvEjEvQ,200,2.5944973263553893e-06
808,QmU7uNKjUpN5h6NPnmdvpHJ1uKFQRKusTcTHDxxMSfgqnh,200,2.5941806218704826e-06
809,QmT1EP49mA6gwaZVm69X9nWMhWpFRdAvknyYS7K7f68kgh,200,2.5940110941564303e-06
810,QmQvTAdmrNcwF8AUrscQ13DjdncgNh3MZnJzgp5GeyG1mN,200,2.5928150444490045e-06
811,QmRoZW6J4HUtKA8MfdWFcH7tWtotnuLB8hbRNUmQC65GHN,200,2.592534550334972e-06
812,QmcPgEfERPjDERQa3ubYRtyKeneUyB2HTS1uVZZHauxZdJ,200,2.5919250524793613e-06
813,QmXwYtXr9yHnR7swrCQ8FFtPk2NCRZ5dsgqjo44dNUMEsW,504,2.5915485955733213e-06
814,QmSt4PSrH5jCLD1kokSbkZ8F1fCxEec9g948upmKcwe4HU,200,2.590566801847997e-06
815,QmdYcekXxjCFTWBMmLGpjtUTpqntpsSmWkM8xTPrdkkZnh,200,2.5904300517438043e-06
816,QmY3E7ineSwyUe3ELEydoCAegm6mBLM74LQxD64FhJzELG,200,2.590319897851409e-06
817,QmQ9Fb8LhGnwf9NfJLPYE43Hsb8PgaSMKsVnV6g6xfWqaM,200,2.5895048030049557e-06
818,QmWFZHW2b1V1ituup12UB7SC7Dc1hzrYUQtDUXMrWWSduL,504,2.5889897943918295e-06
819,QmbZ8C6aA7FVJ8ygucEBvuYWK1TjZXjwFstCjNsPkqchei,200,2.5889897943918295e-06
820,QmP7fEjCex5LjB6MTvaXmYd5k7147waJogkft9V2QXRxvW,200,2.5889897943918295e-06
821,QmYanpFrZSVTG2oqTe2iizmX4xHTECkK7nQ2UGs9bctE8T,504,2.5878430682172207e-06
822,QmTTrvajyrHZs9wiVzPApCVJNAMQzBqHx8ruK6h3s42qGD,504,2.5868023744090317e-06
823,QmV1mGYKCTZpNX3syEhupb2iD9nfCYuRbRcpmToxiQxk5z,200,2.5867225441517872e-06
824,Qme7ZPorchYFxhwceagVokXMcyxckPDAofMWsak1LciuYM,200,2.586221853753791e-06
825,QmWDjkAjiVJbEDR5yxJskWuCro1VRmBoNeK7FAzCwTE4L7,200,2.5850662680068564e-06
826,QmWWk1oM4ddF5u6em4wNUtQq2v5mj7w4wUj4LVGfg2HFbu,200,2.5850650238695673e-06
827,QmQ2RHzhYYY1pVd6y5Vk2AmX2ueRgf6ZJaNAd6D8Xvb2DX,504,2.5834730936298148e-06
828,QmQmXiHpEnjMBt3Ao6FVjuPi3HyFEKp3syfMycKM2Nja5j,200,2.5833178127455615e-06
829,QmW1kyPjDFmMoJJxSTWXBw1c1tjDNEi432iCsXXt9fKNL6,200,2.582515011512882e-06
830,QmaG8oG34FWxK6Vnw5CTYCKECy6ySwfBbwi5QZGzYErHbk,200,2.582515011512882e-06
831,QmRornUv76snC3j17qw3w3pMY21Xe46c3Yz3S6JLSneD1v,200,2.5821089878583924e-06
832,QmbCJQFoX1MNY2s3bkfAcWXKXFzgF1wAiegAHoeoUTqZ6V,504,2.5801028515899893e-06
833,QmZrgD4BcXS9QqGtBxqJk9q9JawLdDCWcRJLLiv9q75t1i,200,2.5799387114204375e-06
834,QmRBKMBsC4qEXjHsSwdjrJMkhUxSAcM5sXF4w4hfUGuJFN,504,2.5795357888111237e-06
835,QmWjYpdM3XMurYcceFv4Vq2fBZZwZKuU61hYEDvqKhxuQn,504,2.578799037862314e-06
836,QmS5Seo4LpEs7qsWhzML7v72cuHkvbxV3bb7x3yCKGurex,200,2.578198489593584e-06
837,Qma848aC42H9QeVas5N6Q5HqSAU46J5nLtGfXavtP5M4gP,200,2.577382642734125e-06
838,QmfZxLMZf6Viz843hiPpkMVJRRK3ENgLZVrkf54uu3HVCP,200,2.5770077193792817e-06
839,QmY9hDyyBb7zJG5jRxwuiXrZsdse8ZWUhcRdfpBqkNc53o,200,2.5759746583709887e-06
840,Qmcv2C9BtJ8L4BTif9rRhwQjmPZoZ6PAYbjse3VcHvzag7,200,2.575879956699179e-06
841,QmTKtYJZE5pFt8u3sERBBx12BaPqi2FRzUDhdpamhj3Hpq,200,2.5758103499007756e-06
842,QmastexSUuj1Gj97wJGsBG26srSnmvKQjNNLYb9oRqUiV8,504,2.575620113644866e-06
843,QmXK1YYaaoUceWMvP6p6hEtmFn45LVZRMy1Z3XZ1TUqW33,200,2.575186538703369e-06
844,QmdSwuc8pcobygRaD4BduFhPpytNupQf163Ex2NB3XgDBg,200,2.575115259651228e-06
845,QmT8PN1FM5ppak6o4nNhQ9q9y3W1KvR1b13bTKCepQtCFS,504,2.5745948830356627e-06
846,Qmb8rjUCg5j1rz5VpAbcuC7ewU1MRfHZN7yJPdSm8hVfZT,200,2.574564214299828e-06
847,Qmcfu2H1sqooUs3Qdveua5yqZz4HXenH6rTNtKdx7cF6H5,504,2.574343777693097e-06
848,QmajPSdzUnUJy2eCckVD7Q6bUDk9u9R9uuGTR9AJatzzrA,200,2.574138025915325e-06
849,QmYJhVYoktV1Jvhcy2ZUzeEkVRFqN76e4CdfRd6QL9kQPn,200,2.5734197679372407e-06
850,QmSbMXRG6u7tQe5xyw9roJoCUjH8Zkbs72GRNfykPwzW2v,200,2.5724830630296843e-06
851,QmRYrUgKuY9xWH8BhueihouvbXeoSW8w9D4hRBz3X4vdYQ,504,2.5724640548901907e-06
852,Qmbit4vyvhAUG16PLTnEPn9ce3db3wQteSfNRPvwS5ij6p,200,2.572424177631145e-06
853,QmUzbdsupDFUA5Byo2o6uEjn1j2T9AfxzNKqb777kfQGyE,200,2.5713949881938665e-06
854,QmRgM4ogNdXfyVi7K3hEP1i27GVtCbbVDvkgx8thaE9Hbw,504,2.5711916289754543e-06
855,QmXdWb8FBHJEVVs3Jtr77CnQmdQyf647vPku5R5s65jFum,200,2.569900291137293e-06
856,QmX5JkwZs8D7iGSuswrPZybRNedaR1ZoxunHxRnMaitTB6,200,2.5699002911372927e-06
857,QmY9jAWBcVQwHwckTzszaPjytwxogA5f59thsW9tBFf4nP,200,2.5692320035916174e-06
858,QmZFJLsJNiWHD7AVkydypBjuyC2wtT4zPkjboP1LpApLR4,200,2.5688157079919664e-06
859,QmQ7AmdKe3znhSgDcenZGKgV2BXkPqfAh6hWxDG1SbtEWN,504,2.56837083471854e-06
860,QmabBaU6PjJgh9Uq8FF6mris7rX1HCzNAoKKoUpRcoomU8,200,2.5680892701633277e-06
861,QmdWBAkg7qiwgEPMwnTS9bDg1tEUuRGfXG6EPT5hvsQQoa,200,2.5679966047103174e-06
862,QmbTd5tMUbKZQTVvqs9vq8KQavwvKgBr2LphFMjFH6Jie7,200,2.567407184795338e-06
863,QmSY1b5bF5nhKjRGABGrKeBhW9yw78LTgeL5W4awg1qVW4,200,2.567407184795338e-06
864,QmfUqSThvzULwVvP9y3e8pSAoUarmz6VmNwAdxaKccWqx2,504,2.5673448960970532e-06
865,QmfQg7QKnwDdpd8BqzniFdRhz7Ag2qXkFDqMiGh16BZDa8,504,2.566775493854935e-06
866,QmQLhuJNP2FH7BXTJZUfAtPsEdCg9nK3oMNidThE9GNKYJ,200,2.565505746921062e-06
867,QmTCCg6AV4ghVvhWuWfDuWfRimKYTDops5PwQTHvoN2zzu,200,2.564692089567216e-06
868,QmUKgMnnW22qriVtspuygmpESAn9dKthi8TKWTio2LhZEY,504,2.5619289740278397e-06
869,QmVz7FtviJtGRo3TEZVdao2i32EEpUNMTJ3UQJo3Qw4wjH,200,2.5616447342137704e-06
870,QmaiExvDw6XKmPZ9eLfFaEmJ3e8okfZCLgaQUQmQbmubie,200,2.5615661670685126e-06
871,QmR9hJLhdRGDKA9mBDVsWGaMKpC7wmaroaf3cJWpWcA1UJ,504,2.56098590452514e-06
872,QmPbxyFX5rRKB2mFd8gjtoxychUBeSpabwjrNJMN828uw5,200,2.5592847567305528e-06
873,QmQ3QzSJtjV2tBdvRCvHazLRPdwYLe36v4Vw7JFdMK4Y14,504,2.5591839069943505e-06
874,QmZLgHV28zYcUttCZWcuzMVvS8gNye7zLFkUHfw7D7Nywp,200,2.559182662857061e-06
875,QmS1MXiZLforqh83DttFegB3rs3kM3uZ5Du3sJS3zg5NZ1,200,2.558840751366254e-06
876,QmWBiAJsi9YxjZwvDCwWTPPQPgqLGEjLCdbCpHmAZMAWGo,200,2.5576851046716436e-06
877,QmRw8qp3oaAjQhJXbrATdvyECDSiTdtHzRHAC55aBUgrHu,200,2.557127467660867e-06
878,QmREzevtgupbHm5Y4P6KVXudtqUVDayuDad4nxpDi2z1zp,200,2.5569421142566443e-06
879,QmcmCtsh15XrPHHWu2mwJmeEZWt59emZ8cQ1VpTodqcZug,200,2.5567279909849385e-06
880,QmbPrfFkegtVNHSxgDHJDHeFsXxPw9J8fDWeVhK484XQzv,504,2.5566158799970924e-06
881,QmWnR2xxzDTLXiBJQULAcfeH7iPs2Ko6qq7susnrNwZgc6,200,2.5566158799970924e-06
882,QmNxaSsAc6HK44Km2cVFmCGgpgwwdiLYFnYudTK7Up8jT6,200,2.5566158799970924e-06
883,QmVLJF6GTJyPB6qmLsXP9CpAx1j1ZQtLqEmtP6huB8We4q,504,2.5566158799970924e-06
884,QmfWFuA4t7oJGQaof2zXxF28rcqzSji6gfxPCdtFbadWnu,504,2.5566158799970924e-06
885,QmdpacsfNDaoaqCDjRM16gV3zjUzFDwNfiT1gCo8YtKm7L,504,2.5566158799970924e-06
886,QmTB4Gs9gZezi3PL4tgzFCPBuAz1Wrh3qY2ogrWgqj7nEi,200,2.5566158799970924e-06
887,QmZYAqSvnJBMcZ2k2ykqfbsckJAoEqp4ERLsTwvpq5ypPb,200,2.5566158799970924e-06
888,QmZPKaQy8LZ8wxWgFHxkY9s8BMh2YfegehBxTxMeVXm9rv,200,2.5566158799970924e-06
889,QmUB36n4oExeuWvfcDn8BbfY3M2jjXPL5Ngvei33QJj7yW,200,2.5566158799970924e-06
890,QmUAqtVCUKpfJMmnbPrGpDLdZCHpPhdysEQns5eNYGxtxr,200,2.556057039680973e-06
891,QmRXLjwzjYuJg73T54N56yjUM3nHQfNntV9q1PAMDXURsD,200,2.5557361406289353e-06
892,QmNWtnFvd8JUKcp7dNgC6F2L6W545xPtvruBZeHxLfec1g,200,2.555514821395755e-06
893,QmSHNiVZo95JyVKenSAiHJNDMus5WC2X6vUZJezeeucdH5,200,2.553925794774789e-06
894,QmXqbLhNRhcXFJUqs3iBiKxRe4DExk4H1M5LvNkXWh17ou,200,2.5527487995502858e-06
895,QmcKPRVR9Qa5rsWBf6N5ep4jrt273kojQNhjgPtDHQGL4F,200,2.5490760223238265e-06
896,QmPvoKk6Ab3Ep8gzptdqsZwyjJ4pQ8pzZuzSbyRhf6U6qv,200,2.548664021322559e-06
897,QmTU3gt2AiJ5sC1khkbujCf9knrVdbxh4jyETVDzhorjsP,200,2.546197423362963e-06
898,QmaEr5h3VqYVobC7dtyDWY7Ro955vAZCK9bRVnqNXVmG9P,200,2.5435336586453313e-06
899,QmREXd7GZ8mQ2LaAoEBCRzxchHG2Jekxz7DHPrrXsPH25Z,200,2.5435061852718114e-06
900,QmTqEztfaTNmJ8giMLH1PpKx5RnB4VcxdjL5UgRNY8aj3d,200,2.5428478000869443e-06
901,QmYcbeXfnrNGTtuNcfSBDnmnNFX3Dx7JYJGPWanZYBTgED,200,2.5425322248965833e-06
902,QmeoPtHx67qQVEf6iZoJ76S9ttRRHLA5BcHyYSq6dvyzrM,200,2.5415716287368834e-06
903,QmYN3NuCQpJtPoULjCZhJuynQbv9YMth7j2bGW37kNnY7i,200,2.541459059158059e-06
904,QmP8btgJbbxejmX1DQ3VDfgEiwCjKnbgrJYVkST8qjdfoa,504,2.5413416165034094e-06
905,QmbczRkjVzMsaNwA1ACbQe3BQbCz6wBxXHibkC7aNu2qz8,200,2.5410045927799586e-06
906,QmeyK19FxdSBEAbGWV9tEp2GhAaAvdwcVpNjNT176Z7KhG,504,2.5409919870326313e-06
907,QmeTTBVAReu7bYtDsMDdve3DhJF6tMWLtPmo1KTD2wVSP1,200,2.5408793623138104e-06
908,QmSXZvXE95STBuyQVukpmtQrJ3Rd1DVDtKVShQu9onBYXr,200,2.540690556924918e-06
909,QmWLqeteBpgNNwTHMRJnbbUWWywGictjFZvaahuBn8Gt41,200,2.540610666034294e-06
910,QmdA3gtqq7DXs7G2qJFLZfzDdEfjbsqtcrtH8hUb9wN7Zv,200,2.540610666034294e-06
911,QmSEYuX2fnFXxcq2N4Hd4NYTFMV4byGE9W9tWpVq6CjAkG,200,2.540610666034294e-06
912,QmRtHpfnpQYYZN41X2F5jvTgLabq5hxtgxxzTo2DvKQrkK,200,2.540610666034294e-06
913,QmRDbDcBr2hhQQsoSfpKKBHRxPSvsVpQiZQ4Jm15HFSqBo,200,2.540610666034294e-06
914,QmScyfspUHSBXiaUvkxUmkvtpsXkwwY4w17CpnKYfMbHxG,200,2.5405449369600483e-06
915,QmTD86UJAR1Ck2x4dZkbrNPNxBMwzJUmJcTRz9kbu1nUL9,200,2.540243770568276e-06
916,QmUvMQrU53d7sTN2ehpx3U8FRNkvBHxFVYW2TVoYQpywCA,200,2.539970957349242e-06
917,QmPy31E5tFn7y3tN5Y54eHBUL2tnzvU4SczPB9us9YqKBd,200,2.539836099882505e-06
918,Qmca5jNZRQH5wxMVax2m2pssrcmLbNQuMchFvMuuUj1CQX,504,2.539674762546352e-06
919,QmP2dmx3Z8MHfgrD3FGddxU2PuBaiyWH8x15mMZfVhZRQ9,504,2.539646512071586e-06
920,QmbfpEBANH435aV1qoD1SUWMLWW4tpYdMECTTmsGYGBBAJ,200,2.539472931037859e-06
921,QmRpUhFnz9YtjLwtYfbXXLdkzwD5kW9oJYNmGRw4b2KBjs,504,2.5394316965093353e-06
922,QmaZKCC9GfbkX8DZx6Y62oQeLFcEQF6C2zuJzRhzfzEs1h,200,2.539349792319899e-06
923,QmXGk5n7TGk3XcEUmCTvTxPVQyfkyiUnDN9U7JSPemt7Lu,200,2.5392763783255694e-06
924,QmSyeL1BjxuWgJZttFRyLhu5BCaSFxLZTnpTLVU3deBxYQ,200,2.5392281149734343e-06
925,QmNgLhum5qELRigRsirYfcNYjQrkugKXHCCyi4rXzWipnp,200,2.5387784772735073e-06
926,QmdVYwGvRqNKkN1rnK1KP5WErGcTbYzSMfuDiidDG6TwGS,200,2.5387784772735073e-06
927,QmQgMem8WLgxL8U9VHzYDr4UmjZWDNp5b7MCJEWEf47LBc,200,2.5387784772735073e-06
928,QmcEMLkHVYEY2DJxCSxDwwdnCca4W45SonuhjD8xzCoZkT,504,2.5387784772735073e-06
929,QmeuzvwcPvMf4TwZp6xviJkq2g5EggkduX8jYe6gy3QXts,200,2.538537656337275e-06
930,QmWFxWgReUGFsCQbkYNURyqJc16aTPLyhCJhHiQxAwZwBV,504,2.5381800758002923e-06
931,QmX4cHBjiEwDVY3vXWbVYTuWVULiSGhsDhKfaJuYd1j45H,504,2.5379151176891883e-06
932,QmQQQSiJJCTsxTaeg9Nco1zyXhnG65A6weDRvv6zsttTSv,200,2.537845633494008e-06
933,QmTr4qUEzFGcMQDb1m2jo657mYs7NQYjQVhYRggJJZfaJH,200,2.537800705427408e-06
934,QmQHc7rExxhSnWQukM9fQxLLvMkQQWY7dCaFP9eATaneDh,200,2.5372791946527185e-06
935,QmZjWbzHYFP1hKiGXfKJtiH78vS1hp4TH3erkBCY99hhNS,504,2.5365905858336808e-06
936,QmUKWQieUjgmFET1VwRFqoEWZFDjXo9mw8gRTDvkzgQXSN,200,2.536553101717015e-06
937,QmXk5zxFx7TFnGKy13QgUPS3QU7kkznNv16CwiYW88YmqR,504,2.536406590671437e-06
938,QmbqQrNbA8S6GXBCcqnjobSpFhJo8Ep9GF7D2jrJAwRwog,504,2.5361635105559183e-06
939,QmdSygwR9T6AYiv7gyhyxiXMr7yHTMPMQbMgLeaNB5eShC,200,2.5361448850310783e-06
940,QmbQ4qZ6Nr86zq5qobEMoKu7pCoXd83nne2XREqXWGdmnU,200,2.5360971569188656e-06
941,QmSh12NB8SzF7Wt4gCt7wvznx5g313Qa2xzAfiafMht8JP,200,2.535973365400201e-06
942,Qmd3mNZ9N8shAivo4SFmMYr1QqBS35rXp6gWrV25HmFc1C,200,2.5357657489785943e-06
943,QmZXfpRQagiRjUDLxtX7e8KjWbt99yH2wwigYJsdXTfryX,200,2.535765748978594e-06
944,QmYV5VFxRsCEsgVB5BtDVuKQ9kRbyPuoWgdxNvqK9HvVes,200,2.5352150136351714e-06
945,QmPdgn8ouU2QUCtF6ofRsgcyjemH9EXV5ua9KqnRKnEsnN,200,2.5346877098644143e-06
946,QmY2Le6cdpmU8zxJ7T7HuxJkwebqckxjqvBuoDzEkk8gj2,200,2.5345953384312135e-06
947,QmX72RNNX7PVpMj69UfHUrfttxqL4UyfQyui44NeEemW6x,200,2.5345193987435415e-06
948,Qmf9HT1y2grqc1w8rQAMFzgXwkB7uanEuKWP8CcijU7f4H,200,2.534292807497059e-06
949,QmPeyyepGDMatqsnFQgnB1AyZb3WqgHqfXJ8bMMyWnLRSs,200,2.5342604833869953e-06
950,QmRyWVoAp1KZPf3hUuD7doSnMAvMexVmG7vqmDezx3M7zu,200,2.5338853214181467e-06
951,QmVvZRqNAxAv4RCRzJX3m7u11mL8qzWTLLNa1eytwKuk76,504,2.5335578970041096e-06
952,QmXY9hPCefQtFtR63jCTW5wiSA5pDN53unjNPysVJfDiWc,200,2.53226925194468e-06
953,QmR3yZymDeqKcsucnycBpVUADYthF4dJM8LnxewqYBPgCj,504,2.5295762335545266e-06
954,QmXZmMxCVXYQiRjTSJ2t6zyN5JSSzXQnoDfRqJTiS6QdUr,200,2.5291342785392996e-06
955,QmWqqJMeKPpDufLX56s1ECd54wm2LtjREyvp7XfpBtoCap,200,2.5283464960054745e-06
956,QmZBRQ1AAwkJJxeXZdkAiSqjcizdmJSEcawYCefJcikVqT,200,2.5282977535064374e-06
957,QmNe1rKMGTtyVBTzgdS1BcweC1qXXKkN69oSH6HD2fzox3,200,2.5282536476824584e-06
958,QmNNjLkS7fBN68NvvpQfnfguJ2c18uRmHZsNtJ811J38zF,504,2.5280564158948843e-06
959,QmVV3djqyYUUFm4RCqpatqop1U7yxheSdbraUk66GQ7Ysy,200,2.5279231011117675e-06
960,Qmd4RShA8cEtHAAFd6LWFSC33VvzE5Ea5kd9r6av4rFhSc,200,2.527814560754277e-06
961,Qme95cZhFJPBMCXKQSci3qaZ42CU7ecXV3mjQ3uVhWraRb,200,2.527214119251165e-06
962,QmWzPzJ9fvBcqEtPQLfNQY7np4uLUftyjCUP7PoJqnRMpH,200,2.527001790256786e-06
963,QmRf1SLLps5FkqSpmFdizBmWUYTmdTvSN7b38Mcod8zGPL,200,2.5269530654863418e-06
964,QmT8ZryPSg26fnAJMUCNUznJ2CRZbKg9No86nxk7xq3GJj,200,2.5268461794694663e-06
965,QmP7fCHQawWj3jBiYqZGVKsMo7UBBziMcHMPcMy6FSUqhz,504,2.5261206070190067e-06
966,QmcCVTw91XYaVd6wRUNyPp47mVmsMhjyZZocnuWKCgXgMD,200,2.525276040635299e-06
967,QmQas2Fr6r2PYZi14zrUeiXQFTa8352y7oFnCEMP8VVVe9,200,2.5250402730888015e-06
968,QmVBWbv8jA8xtyJayjgA5eL5CLMELq5KYgAWk48buvzuHL,200,2.52477150861071e-06
969,QmUdSXtGjecFr4otP1egutw5zY7X6HCVk8NocD8Wu7y3U6,200,2.523622345146628e-06
970,QmbSPug8YsyGg6cAx4oKc6x3s1QobDY2oGx7hcS1PvHQpY,200,2.5233926744632713e-06
971,Qma7DD7p3RPiL4DKNf9Yf49ZMgka4Bbodn2Z42b1iUUdeK,504,2.5232207169496294e-06
972,QmbKzpLasygBkF2owTaottoZDb4DrMuo1gozof4LHGuowt,504,2.5227344401638856e-06
973,QmXyGbeyf1XqnBU7cJTzWhvBq4uPRR8ovayqquU1E6JV3Q,200,2.521903355236253e-06
974,QmXBWGmSJXdJGBEzmcFHJWyxEd3P3TjZvrpb2xZfreLq2v,200,2.5218548492675514e-06
975,QmW6FzuTEnYhYD5X1PzwhFkgAPZdD4h7XMe6zMT687QpAr,200,2.521814356840918e-06
976,QmcPxAEMGnQe5QFFATdAWcCxC1jPWKAQ7EJAxjPVZZpF3G,200,2.5215276312135686e-06
977,QmbqFaVtSaDSwEWerZ1cRt2WGCzkShNLCbe7Y8KVbwK743,200,2.5214374485339814e-06
978,QmPK1RHSyd69WjWFMBG1qHKRr3dnMT4BBirBQnE55j9Eh5,504,2.5190884473200407e-06
979,QmS3L5meudfiG6JejugoRYFMU4p9Lzz7pmJrcrkmsoTwYR,200,2.5185322556753473e-06
980,QmbguTbcQj65bb8C6sKmZUMTZwCcfq8tkzjNZCL1Apv4zE,200,2.518515312036486e-06
981,Qma5aobwFJsaFDiPqt8BJY9mfEGXpvF5qpoRhE4Js1j5i1,200,2.5173840594761326e-06
982,QmVTFA5vUHN9qGTnyMUuv7C9cjdzksGKLRn6AD7eFCHVfj,200,2.5168417507632214e-06
983,QmXQ1tiSTqJwbLjMCZyu1mFK2kGRGUZEySE4U4xeUtsxgi,504,2.5162976716282033e-06
984,QmVLWJTSfxjTJYcNhRzLYUKtxSSa4jn8Z8K5rCtJM6rwcv,200,2.5149655501102403e-06
985,QmNNRE89HhrQJFRcpjrE2UXqp3Q8ymzvbXKAujbmwb4K87,200,2.514183139382103e-06
986,QmQMPkx71y1mZQbhTrYzJNtDzW7bBod6QJFyP837KMvhMv,504,2.513189059631813e-06
987,QmYF2qy7isMtUx2FZTqvRY6pZo3G7gS111dfGchAQbJmZq,504,2.5129874485243855e-06
988,QmTpNQKfVyqHowmywK9JntK22R9y4TqNrUvxkWuuqTShJu,200,2.5123359860724797e-06
989,QmYzcCS386gJiHDrbShkCpPWPh18Ptj5agjHJbzEUtUYjQ,504,2.512002289223201e-06
990,Qmb6HVsHL2cCdrLkiP3xy9zxLnCykJkZnCi8estuyZ9wNN,504,2.51190144722858e-06
991,QmckWzu1EPHFGuezU5SAcwrbNFXZ5gs1NVYKdjPxkcSpFV,200,2.5111082375814298e-06
992,QmaMqmbP7kdeYNPWaiGpguGpP5PgDJWxZ8JxtiDhr2Uuma,200,2.5108632408422117e-06
993,QmYpuszFXMZkqgUAFcTTfwdjBSYoC4oeHLCGxD4ZWKyp5b,200,2.5108350740298513e-06
994,QmZqGqyuRhywucfa15S4W9xoevQ4zyU1UmWRiVXKub4iYZ,200,2.510507331719183e-06
995,QmdfnLHhoosfzRGjgCHVGafbaK7YjFf7ZygACFdoEGKFF7,200,2.510475090085624e-06
996,QmdSKBXfNhGtRzYQpkPNzvXteksNQiQAejVU6ENbc3Mnsq,200,2.5104415383498346e-06
997,QmdjJkce5TwxqNKaT8AWrN9QiSB7Ph7aJefh6te2yNPjoP,504,2.5093928069005654e-06
998,QmUKuyB8dxBTEpZpx7w3oBb5xxx4gGqq1GBoZvHgL8PjqU,200,2.508957251086519e-06
